seq_id,muni_id,municipal,geoid,logrecno,acs_year,mhi,mhi_me,o_mhi,o_mhi_me,r_mhi,r_mhi_me
2929,1,Abington,06000US2502300170,292,2013-17,91643,9033,103699,5564,55531,13703
2930,2,Acton,06000US2501700380,207,2013-17,133713,4474,157970,6070,64939,14149
2931,3,Acushnet,06000US2500500520,76,2013-17,69402,5832,80896,12348,37175,11933
2932,4,Adams,06000US2500300555,43,2013-17,49777,2823,64644,2433,28080,9929
2933,5,Agawam,06000US2501300840,164,2013-17,61919,4875,75200,7001,33506,5603
2934,6,Alford,06000US2500300975,44,2013-17,105625,14932,108125,21062,0,0
2935,7,Amesbury,06000US2500901260,104,2013-17,78638,3781,98401,5928,46613,8042
2936,8,Amherst,06000US2501501325,187,2013-17,50203,5829,107476,7101,28290,4975
2937,9,Andover,06000US2500901465,105,2013-17,143292,7925,166513,5843,64386,11810
2938,10,Arlington,06000US2501701605,208,2013-17,103594,4898,136998,5266,69798,7078
2939,11,Ashburnham,06000US2502701885,324,2013-17,85064,15216,88523,16878,61923,23299
2940,12,Ashby,06000US2501701955,209,2013-17,95833,9510,99963,9540,72799,58353
2941,13,Ashfield,06000US2501102095,138,2013-17,72422,8260,78688,6344,48333,7580
2942,14,Ashland,06000US2501702130,210,2013-17,120309,7535,137415,10655,60083,10385
2943,15,Athol,06000US2502702480,325,2013-17,50417,4937,63690,5361,29306,10107
2944,16,Attleboro,06000US2500502690,77,2013-17,70136,5909,92685,4190,37315,2673
2945,17,Auburn,06000US2502702760,326,2013-17,74174,4460,87480,6054,35479,5383
2946,18,Avon,06000US2502102935,263,2013-17,69709,19651,99231,18237,39167,7485
2947,19,Ayer,06000US2501703005,211,2013-17,78762,7154,110863,4448,54112,7817
2948,20,Barnstable,06000US2500103690,28,2013-17,66864,2134,75308,3698,37713,5736
2949,21,Barre,06000US2502703740,327,2013-17,69432,11859,86693,16403,49031,20631
2950,22,Becket,06000US2500304545,45,2013-17,75000,9708,74479,9003,83194,27904
2951,23,Bedford,06000US2501704615,212,2013-17,125208,8323,149500,20312,67222,22475
2952,24,Belchertown,06000US2501504825,188,2013-17,86165,6131,100813,9385,28323,8581
2953,25,Bellingham,06000US2502104930,264,2013-17,95533,4865,105523,9190,49566,7255
2954,26,Belmont,06000US2501705070,213,2013-17,118370,7501,157071,8658,69892,3840
2955,27,Berkley,06000US2500505280,78,2013-17,89597,18137,96011,16842,65165,24552
2956,28,Berlin,06000US2502705490,328,2013-17,97417,13384,105542,8961,0,0
2957,29,Bernardston,06000US2501105560,139,2013-17,64647,2730,70238,5471,36726,7969
2958,30,Beverly,06000US2500905595,106,2013-17,77893,4058,108401,7009,34885,4973
2959,31,Billerica,06000US2501705805,214,2013-17,99453,5218,106414,6112,60057,10235
2960,32,Blackstone,06000US2502706015,329,2013-17,80260,6544,101250,10536,46250,11113
2961,33,Blandford,06000US2501306085,165,2013-17,62875,8015,64821,11554,44583,29198
2962,34,Bolton,06000US2502706365,330,2013-17,151618,10527,154965,10849,0,0
2963,35,Boston,06000US2502507000,320,2013-17,62021,803,104469,1676,42326,1049
2964,36,Bourne,06000US2500107175,29,2013-17,73000,4953,84003,6113,51660,10833
2965,37,Boxborough,06000US2501707350,215,2013-17,101077,7442,124857,35427,68438,21291
2966,38,Boxford,06000US2500907420,107,2013-17,155034,30630,157399,28583,41154,21795
2967,39,Boylston,06000US2502707525,331,2013-17,97074,12278,109621,12108,50885,12487
2968,40,Braintree,06000US2502107740,265,2013-17,88993,3309,101622,4508,48776,8886
2969,41,Brewster,06000US2500107980,30,2013-17,69479,7209,80197,13998,31667,11352
2970,42,Bridgewater,06000US2502308085,293,2013-17,88640,6105,105534,9791,56250,22501
2971,43,Brimfield,06000US2501308470,166,2013-17,86523,8493,92195,9083,21734,12345
2972,44,Brockton,06000US2502309000,294,2013-17,52393,1827,79441,2730,30559,1788
2973,45,Brookfield,06000US2502709105,332,2013-17,64219,12424,66974,12847,55125,17421
2974,46,Brookline,06000US2502109175,266,2013-17,111289,4643,148631,7505,74210,7197
2975,47,Buckland,06000US2501109595,140,2013-17,50899,3834,54620,9864,23750,13301
2976,48,Burlington,06000US2501709840,216,2013-17,99254,8728,114157,9379,84623,5506
2977,49,Cambridge,06000US2501711000,217,2013-17,89145,3825,129801,7731,71850,4415
2978,50,Canton,06000US2502111315,267,2013-17,96583,8758,108903,7084,58530,10088
2979,51,Carlisle,06000US2501711525,218,2013-17,170703,26039,184271,21648,0,0
2980,52,Carver,06000US2502311665,295,2013-17,73904,8846,77533,5821,35568,22665
2981,53,Charlemont,06000US2501112505,141,2013-17,53333,7432,58625,4307,34545,10800
2982,54,Charlton,06000US2502712715,333,2013-17,93921,6727,107292,8062,40500,18122
2983,55,Chatham,06000US2500112995,31,2013-17,74875,13724,89479,6661,33083,8372
2984,56,Chelmsford,06000US2501713135,219,2013-17,106432,4984,119375,7024,55144,17892
2985,57,Chelsea,06000US2502513205,321,2013-17,51839,3611,82212,9643,39652,4765
2986,58,Cheshire,06000US2500313345,46,2013-17,61512,13199,68281,16142,50417,33713
2987,59,Chester,06000US2501313485,167,2013-17,76250,11587,88125,6635,26250,11045
2988,60,Chesterfield,06000US2501513590,189,2013-17,74412,11163,79821,10590,0,0
2989,61,Chicopee,06000US2501313660,168,2013-17,48866,2518,68962,4366,29903,2385
2990,62,Chilmark,06000US2500713800,97,2013-17,79688,11716,79792,21473,79583,33171
2991,63,Clarksburg,06000US2500314010,47,2013-17,61397,2724,64063,6771,0,0
2992,64,Clinton,06000US2502714395,334,2013-17,68362,10147,89821,13555,55474,6372
2993,65,Cohasset,06000US2502114640,268,2013-17,140000,23167,179779,22761,43864,25938
2994,66,Colrain,06000US2501114885,142,2013-17,53352,3881,58214,7639,39773,7851
2995,67,Concord,06000US2501715060,220,2013-17,137743,5971,165208,14945,69183,23610
2996,68,Conway,06000US2501115200,143,2013-17,100398,13917,105000,7314,51989,26422
2997,69,Cummington,06000US2501516040,190,2013-17,52500,11658,61696,13370,31302,5286
2998,70,Dalton,06000US2500316180,48,2013-17,60406,9005,68371,10240,40063,10576
2999,71,Danvers,06000US2500916250,108,2013-17,79795,6515,101672,4893,42198,5211
3000,72,Dartmouth,06000US2500516425,79,2013-17,74742,4361,85807,4742,28811,5998
3001,73,Dedham,06000US2502116495,269,2013-17,89514,6269,115804,7516,51627,9086
3002,74,Deerfield,06000US2501116670,144,2013-17,78949,14791,88424,15712,54671,23680
3003,75,Dennis,06000US2500116775,32,2013-17,56176,4454,69593,5760,30392,5099
3004,76,Dighton,06000US2500516950,80,2013-17,93017,16336,97813,9007,42308,23774
3005,77,Douglas,06000US2502717300,335,2013-17,94675,10119,107454,12490,54038,17000
3006,78,Dover,06000US2502117405,270,2013-17,204018,24403,208371,22184,147600,77564
3007,79,Dracut,06000US2501717475,221,2013-17,86697,8114,101343,7755,45688,12248
3008,80,Dudley,06000US2502717685,336,2013-17,64281,4823,77035,12497,40720,16355
3009,81,Dunstable,06000US2501717825,222,2013-17,138700,14412,138150,13552,152292,57510
3010,82,Duxbury,06000US2502317895,296,2013-17,123613,7481,127011,8971,69342,34723
3011,83,East Bridgewater,06000US2502318455,297,2013-17,86568,6736,96336,10047,39383,3071
3012,84,East Brookfield,06000US2502718560,337,2013-17,80234,9317,82692,10607,63947,20938
3013,85,East Longmeadow,06000US2501319645,169,2013-17,85221,3581,92156,4964,27379,16989
3014,86,Eastham,06000US2500119295,33,2013-17,62143,5453,66926,8008,34762,9217
3015,87,Easthampton,06000US2501519370,191,2013-17,61004,6167,76206,5635,40400,2939
3016,88,Easton,06000US2500520100,81,2013-17,105380,5423,114130,3880,46714,8409
3017,89,Edgartown,06000US2500721150,98,2013-17,75404,21626,85329,25085,58333,18951
3018,90,Egremont,06000US2500321360,49,2013-17,61927,12387,69306,5543,34107,16622
3019,91,Erving,06000US2501121780,145,2013-17,70870,8641,76875,9128,37344,8146
3020,92,Essex,06000US2500921850,109,2013-17,109327,14276,121155,6568,50556,19956
3021,93,Everett,06000US2501721990,223,2013-17,57254,3644,84368,4068,43528,4428
3022,94,Fairhaven,06000US2500522130,82,2013-17,62090,3405,71224,4999,28472,7759
3023,95,Fall River,06000US2500523000,83,2013-17,39328,1951,64194,3285,28302,2739
3024,96,Falmouth,06000US2500123105,34,2013-17,70918,5531,83978,3472,40190,6640
3025,97,Fitchburg,06000US2502723875,338,2013-17,51412,3541,74907,5246,31486,2900
3026,98,Florida,06000US2500324120,50,2013-17,58125,11802,59844,12053,38472,23364
3027,99,Foxborough,06000US2502124820,271,2013-17,98199,5945,123295,9034,62212,13324
3028,100,Framingham,06000US2501724925,224,2013-17,73182,3165,111289,3575,38712,2965
3029,101,Franklin,06000US2502125172,272,2013-17,111935,6527,130208,11114,51411,7311
3030,102,Freetown,06000US2500525240,84,2013-17,85040,9055,91901,11264,46307,29879
3031,103,Gardner,06000US2502725485,339,2013-17,48915,4311,70496,5115,31512,3651
3032,104,Aquinnah,06000US2500701585,96,2013-17,80250,29520,90714,21037,35417,17009
3033,105,Georgetown,06000US2500925625,110,2013-17,113417,10118,132220,6187,51316,19640
3034,106,Gill,06000US2501125730,146,2013-17,69226,6186,75536,5667,44750,11429
3035,107,Gloucester,06000US2500926150,111,2013-17,65348,5296,90481,5292,39846,3543
3036,108,Goshen,06000US2501526290,192,2013-17,79519,6816,79423,8175,80833,65441
3037,109,Gosnold,06000US2500726325,99,2013-17,0,0,0,0,0,0
3038,110,Grafton,06000US2502726430,340,2013-17,100605,6424,122813,10302,52269,9612
3039,111,Granby,06000US2501526535,193,2013-17,89752,9013,95632,10495,27422,5332
3040,112,Granville,06000US2501326675,170,2013-17,86000,8833,88421,7393,0,0
3041,113,Great Barrington,06000US2500326815,51,2013-17,56124,6294,78558,15746,45727,9796
3042,114,Greenfield,06000US2501127100,147,2013-17,47821,4027,69067,3737,29343,3685
3043,115,Groton,06000US2501727480,225,2013-17,123918,7787,140417,16209,42045,39879
3044,116,Groveland,06000US2500927620,112,2013-17,95031,27408,97121,10629,53661,26184
3045,117,Hadley,06000US2501527690,194,2013-17,58953,5771,70114,13407,47988,8484
3046,118,Halifax,06000US2502327795,298,2013-17,77993,16487,76778,18159,79604,42571
3047,119,Hamilton,06000US2500927900,113,2013-17,112250,23465,140518,8196,39808,15132
3048,120,Hampden,06000US2501328075,171,2013-17,81304,9699,84231,4179,0,0
3049,121,Hancock,06000US2500328180,52,2013-17,71875,13047,82500,12998,51667,22827
3050,122,Hanover,06000US2502328285,299,2013-17,111311,7985,119930,13625,24724,23049
3051,123,Hanson,06000US2502328495,300,2013-17,96389,6718,101310,8320,25167,8895
3052,124,Hardwick,06000US2502728740,341,2013-17,57813,10997,71588,14136,19246,2391
3053,125,Harvard,06000US2502728950,342,2013-17,134355,15338,139125,18651,51953,24240
3054,126,Harwich,06000US2500129020,35,2013-17,73468,7849,75989,8542,44107,38971
3055,127,Hatfield,06000US2501529265,195,2013-17,65087,4882,79000,10707,44013,14672
3056,128,Haverhill,06000US2500929405,114,2013-17,65926,2726,93108,3708,36893,2748
3057,129,Hawley,06000US2501129475,148,2013-17,66250,19782,73750,12003,24000,1865
3058,130,Heath,06000US2501129650,149,2013-17,57386,8069,58750,6592,0,0
3059,131,Hingham,06000US2502330210,301,2013-17,125144,10876,152674,5551,48284,9982
3060,132,Hinsdale,06000US2500330315,53,2013-17,62250,5374,67900,7252,39531,20434
3061,133,Holbrook,06000US2502130455,273,2013-17,68023,7225,81476,11888,35833,6993
3062,134,Holden,06000US2502730560,343,2013-17,101827,5736,106066,3598,45952,14498
3063,135,Holland,06000US2501330665,172,2013-17,78348,6164,82283,15613,45313,7101
3064,136,Holliston,06000US2501730700,226,2013-17,118933,8218,137682,11359,30667,7050
3065,137,Holyoke,06000US2501330840,173,2013-17,37954,3616,74236,6929,21340,2318
3066,138,Hopedale,06000US2502730945,344,2013-17,101761,6983,104031,9627,85400,49564
3067,139,Hopkinton,06000US2501731085,227,2013-17,151357,15525,169875,10124,73681,19362
3068,140,Hubbardston,06000US2502731435,345,2013-17,93387,10593,95375,9679,81161,42566
3069,141,Hudson,06000US2501731540,228,2013-17,83765,7053,101250,6083,45769,6497
3070,142,Hull,06000US2502331645,302,2013-17,80584,5928,96893,11033,40026,17081
3071,143,Huntington,06000US2501531785,196,2013-17,66713,10190,77596,16379,0,0
3072,144,Ipswich,06000US2500932310,115,2013-17,80829,7831,101280,7950,38185,9122
3073,145,Kingston,06000US2502333220,303,2013-17,89796,9027,111802,5951,49926,16707
3074,146,Lakeville,06000US2502333920,304,2013-17,98015,7025,107438,5473,34792,29229
3075,147,Lancaster,06000US2502734165,346,2013-17,104331,5333,111364,10135,66216,38924
3076,148,Lanesborough,06000US2500334340,54,2013-17,76016,8291,79970,14036,38268,23419
3077,149,Lawrence,06000US2500934550,116,2013-17,39627,1674,70938,6709,32111,1446
3078,150,Lee,06000US2500334655,55,2013-17,66599,12133,90068,10607,36686,6253
3079,151,Leicester,06000US2502734795,347,2013-17,76738,14924,90833,7958,45313,11891
3080,152,Lenox,06000US2500334970,56,2013-17,68492,10058,93177,19796,41328,16081
3081,153,Leominster,06000US2502735075,348,2013-17,57610,3408,82855,5654,32673,4244
3082,154,Leverett,06000US2501135180,150,2013-17,87174,9243,90125,9410,65625,46122
3083,155,Lexington,06000US2501735215,229,2013-17,162083,8040,184175,8235,90054,12091
3084,156,Leyden,06000US2501135285,151,2013-17,76771,6487,79464,5484,0,0
3085,157,Lincoln,06000US2501735425,230,2013-17,134211,17081,194844,26801,88667,15608
3086,158,Littleton,06000US2501735950,231,2013-17,119177,4518,132875,9654,35556,18901
3087,159,Longmeadow,06000US2501336300,174,2013-17,112831,9064,119537,12005,36778,19820
3088,160,Lowell,06000US2501737000,232,2013-17,48581,2861,78515,4057,30798,1973
3089,161,Ludlow,06000US2501337175,175,2013-17,67715,5145,80956,5744,40793,9583
3090,162,Lunenburg,06000US2502737420,349,2013-17,97775,11441,103386,11651,56429,52053
3091,163,Lynn,06000US2500937490,117,2013-17,53513,2612,85892,3328,34096,2921
3092,164,Lynnfield,06000US2500937560,118,2013-17,117706,6124,126891,13613,30431,13443
3093,165,Malden,06000US2501737875,233,2013-17,62361,2695,89186,4861,44631,2817
3094,166,Manchester,06000US2500937995,119,2013-17,105500,21319,132689,29181,52165,33585
3095,167,Mansfield,06000US2500538225,85,2013-17,111141,5778,130211,7546,64336,13107
3096,168,Marblehead,06000US2500938400,120,2013-17,110025,11153,128075,10507,62361,13785
3097,169,Marion,06000US2502338540,305,2013-17,76576,7025,95300,23255,32399,21690
3098,170,Marlborough,06000US2501738715,234,2013-17,75418,3239,102372,6290,55781,11368
3099,171,Marshfield,06000US2502338855,306,2013-17,94737,11490,110907,6510,37154,6424
3100,172,Mashpee,06000US2500139100,36,2013-17,73841,4942,79086,4590,43835,5068
3101,173,Mattapoisett,06000US2502339450,307,2013-17,85870,10392,105192,19539,52454,11357
3102,174,Maynard,06000US2501739625,235,2013-17,95833,7567,113125,16059,35474,6446
3103,175,Medfield,06000US2502139765,274,2013-17,153847,11664,174395,17746,37143,18446
3104,176,Medford,06000US2501739835,236,2013-17,86204,4992,102405,4756,63575,3547
3105,177,Medway,06000US2502139975,275,2013-17,115432,7943,123229,15515,40341,7678
3106,178,Melrose,06000US2501740115,237,2013-17,93434,6277,121719,8320,48528,4410
3107,179,Mendon,06000US2502740255,350,2013-17,125816,11718,141573,16118,84464,33596
3108,180,Merrimac,06000US2500940430,121,2013-17,84417,19178,100156,15231,33375,16214
3109,181,Methuen,06000US2500940710,122,2013-17,73492,4340,92274,3909,37648,4182
3110,182,Middleborough,06000US2502340850,308,2013-17,79800,5964,94515,3160,39338,7592
3111,183,Middlefield,06000US2501540990,197,2013-17,75313,15617,76406,20806,0,0
3112,184,Middleton,06000US2500941095,123,2013-17,107727,12804,117525,10048,0,0
3113,185,Milford,06000US2502741165,351,2013-17,75854,5233,94929,4285,45281,5484
3114,186,Millbury,06000US2502741340,352,2013-17,74713,9857,88114,8967,39269,8740
3115,187,Millis,06000US2502141515,276,2013-17,100230,9966,105818,5035,51319,9509
3116,188,Millville,06000US2502741585,353,2013-17,90500,16577,106750,11624,48056,9422
3117,189,Milton,06000US2502141690,277,2013-17,126000,7068,144363,11442,51161,18117
3118,190,Monroe,06000US2501142040,152,2013-17,31458,3537,31458,3328,0,0
3119,191,Monson,06000US2501342145,176,2013-17,78677,5517,87636,6331,40375,21653
3120,192,Montague,06000US2501142285,153,2013-17,50933,5910,65060,11053,23895,7444
3121,193,Monterey,06000US2500342460,57,2013-17,58661,19579,73750,16889,31250,5334
3122,194,Montgomery,06000US2501342530,177,2013-17,74000,22577,74000,22415,77500,46659
3123,195,Mount Washington,06000US2500343300,58,2013-17,66607,15914,67500,12697,0,0
3124,196,Nahant,06000US2500943580,124,2013-17,81384,19156,121458,48599,58669,14689
3125,197,Nantucket,06000US2501943790,262,2013-17,91942,11350,110714,10957,63008,16935
3126,198,Natick,06000US2501743895,238,2013-17,106027,4609,131643,5628,55083,5120
3127,199,Needham,06000US2502144105,278,2013-17,141690,12164,163970,9735,48683,12340
3128,200,New Ashford,06000US2500344385,59,2013-17,84583,20056,99375,29324,68438,24981
3129,201,New Bedford,06000US2500545000,86,2013-17,40626,1326,65487,4433,27672,1381
3130,202,New Braintree,06000US2502745105,354,2013-17,84432,11734,88500,7595,45139,28297
3131,203,New Marlborough,06000US2500345420,60,2013-17,73750,13577,77250,17994,56667,31890
3132,204,New Salem,06000US2501145490,154,2013-17,71908,15529,79861,18182,41750,32781
3133,205,Newbury,06000US2500945175,125,2013-17,89433,9588,97382,11898,61964,36276
3134,206,Newburyport,06000US2500945245,126,2013-17,89887,6549,118750,13900,43333,12089
3135,207,Newton,06000US2501745560,239,2013-17,133853,4536,172596,7314,70276,6097
3136,208,Norfolk,06000US2502146050,279,2013-17,139137,10011,142568,11998,85461,50822
3137,209,North Adams,06000US2500346225,61,2013-17,38774,3819,59727,7463,23909,2646
3138,210,North Andover,06000US2500946365,127,2013-17,105661,5352,131472,8060,38843,17407
3139,211,North Attleborough,06000US2500546575,87,2013-17,87093,5481,106174,3903,44688,6028
3140,212,North Brookfield,06000US2502747135,357,2013-17,73133,6673,93942,14792,41375,17457
3141,213,North Reading,06000US2501748955,240,2013-17,124750,7866,132061,8206,54408,14228
3142,214,Northampton,06000US2501546330,198,2013-17,62838,3013,91023,4981,38217,5454
3143,215,Northborough,06000US2502746820,355,2013-17,111875,6564,123179,5768,63856,8662
3144,216,Northbridge,06000US2502746925,356,2013-17,75186,6093,98275,8622,39263,8886
3145,217,Northfield,06000US2501147835,155,2013-17,69028,14942,86944,10279,33333,16480
3146,218,Norton,06000US2500549970,88,2013-17,102869,7716,111008,6007,55884,2093
3147,219,Norwell,06000US2502350145,309,2013-17,128563,11669,138462,14397,20714,17449
3148,220,Norwood,06000US2502150250,280,2013-17,87516,3746,108455,7478,63375,5689
3149,221,Oak Bluffs,06000US2500750390,100,2013-17,66091,40881,84309,39095,54901,37934
3150,222,Oakham,06000US2502750670,358,2013-17,85938,7114,87396,6421,66667,22081
3151,223,Orange,06000US2501151265,156,2013-17,43191,4682,57238,5815,19801,4652
3152,224,Orleans,06000US2500151440,37,2013-17,62386,12652,79049,10777,20352,10223
3153,225,Otis,06000US2500351580,62,2013-17,70048,6569,73393,14265,28875,22909
3154,226,Oxford,06000US2502751825,359,2013-17,72563,9580,79590,11200,30052,6751
3155,227,Palmer,06000US2501352144,178,2013-17,57022,4380,74605,6116,24238,9646
3156,228,Paxton,06000US2502752420,360,2013-17,95595,12847,110278,24178,30313,19891
3157,229,Peabody,06000US2500952490,128,2013-17,65085,2600,86644,5548,39912,7287
3158,230,Pelham,06000US2501552560,199,2013-17,92250,5311,95577,4856,57188,13479
3159,231,Pembroke,06000US2502352630,310,2013-17,101447,6365,107026,7369,43043,14881
3160,232,Pepperell,06000US2501752805,241,2013-17,90029,6385,104712,8731,42344,17891
3161,233,Peru,06000US2500353050,63,2013-17,68636,7724,73125,8564,36250,22782
3162,234,Petersham,06000US2502753120,361,2013-17,65529,6121,66731,4972,36750,23582
3163,235,Phillipston,06000US2502753225,362,2013-17,75893,11297,75536,11313,82750,69744
3164,236,Pittsfield,06000US2500353960,64,2013-17,46871,2097,67776,2565,25320,2522
3165,237,Plainfield,06000US2501554030,200,2013-17,56875,9113,56750,10492,57917,34973
3166,238,Plainville,06000US2502154100,281,2013-17,93889,8354,99583,7462,70870,9958
3167,239,Plymouth,06000US2502354310,311,2013-17,83746,3648,95704,5772,42964,6015
3168,240,Plympton,06000US2502354415,312,2013-17,87438,18804,101842,11991,25208,25181
3169,241,Princeton,06000US2502755395,363,2013-17,128006,10525,131354,13153,43462,37678
3170,242,Provincetown,06000US2500155500,38,2013-17,47500,9839,58625,13752,28750,7829
3171,243,Quincy,06000US2502155745,282,2013-17,71808,2998,95280,3576,53374,3705
3172,244,Randolph,06000US2502155955,283,2013-17,69969,5414,87800,7079,38320,6009
3173,245,Raynham,06000US2500556060,89,2013-17,91944,14952,105478,6369,57464,19539
3174,246,Reading,06000US2501756130,242,2013-17,114354,7135,130795,5917,60495,17522
3175,247,Rehoboth,06000US2500556375,90,2013-17,96098,8263,103429,11428,63628,19969
3176,248,Revere,06000US2502556585,322,2013-17,53794,2744,72138,6201,38465,4515
3177,249,Richmond,06000US2500356795,65,2013-17,97917,21717,103661,12286,45625,9061
3178,250,Rochester,06000US2502357600,313,2013-17,103472,7104,106944,8774,65395,15924
3179,251,Rockland,06000US2502357775,314,2013-17,77573,5871,87093,9892,53920,10004
3180,252,Rockport,06000US2500957880,129,2013-17,72015,11674,92785,4445,42450,10368
3181,253,Rowe,06000US2501158335,157,2013-17,56667,8965,57083,9784,0,0
3182,254,Rowley,06000US2500958405,130,2013-17,89338,21420,119615,28192,0,0
3183,255,Royalston,06000US2502758580,364,2013-17,74219,14639,78036,10761,46667,39054
3184,256,Russell,06000US2501358650,179,2013-17,66985,8806,65588,7711,73533,9083
3185,257,Rutland,06000US2502758825,365,2013-17,100962,15116,107036,4848,43575,18978
3186,258,Salem,06000US2500959105,131,2013-17,65528,3702,91403,4176,37396,6791
3187,259,Salisbury,06000US2500959245,132,2013-17,72828,7251,79609,6671,43024,20114
3188,260,Sandisfield,06000US2500359665,66,2013-17,68636,9566,72188,17579,40795,19003
3189,261,Sandwich,06000US2500159735,39,2013-17,88870,7314,91782,8333,68817,17373
3190,262,Saugus,06000US2500960015,133,2013-17,82188,4998,91944,8259,31453,8762
3191,263,Savoy,06000US2500360225,67,2013-17,55375,10210,55625,9665,0,0
3192,264,Scituate,06000US2502360330,315,2013-17,111865,11673,124122,14695,31563,21944
3193,265,Seekonk,06000US2500560645,91,2013-17,86014,5322,91663,8401,39386,30900
3194,266,Sharon,06000US2502160785,284,2013-17,132734,8755,146078,17213,44643,22978
3195,267,Sheffield,06000US2500361065,68,2013-17,73953,19688,84766,16801,31058,12280
3196,268,Shelburne,06000US2501161135,158,2013-17,61141,10720,74091,9556,33958,16327
3197,269,Sherborn,06000US2501761380,243,2013-17,170872,19153,176402,36373,41319,10940
3198,270,Shirley,06000US2501761590,244,2013-17,67541,6872,82466,17421,58809,9265
3199,271,Shrewsbury,06000US2502761800,366,2013-17,100640,8172,127051,7412,53925,8925
3200,272,Shutesbury,06000US2501161905,159,2013-17,76927,9369,81563,12201,29545,3064
3201,273,Somerset,06000US2500562430,92,2013-17,72920,3939,79850,5111,52734,14143
3202,274,Somerville,06000US2501762535,245,2013-17,84722,3312,110245,6378,75796,2690
3203,275,South Hadley,06000US2501564145,202,2013-17,66940,5419,78348,4919,34526,9665
3204,276,Southampton,06000US2501562745,201,2013-17,89423,20579,98554,11802,45673,9584
3205,277,Southborough,06000US2502763165,367,2013-17,142426,11458,150972,9153,37250,30568
3206,278,Southbridge,06000US2502763345,368,2013-17,50202,3735,76677,8768,32900,2397
3207,279,Southwick,06000US2501365825,180,2013-17,76737,6875,84203,9261,35354,7013
3208,280,Spencer,06000US2502766105,369,2013-17,65386,5219,90723,8824,25557,7015
3209,281,Springfield,06000US2501367000,181,2013-17,37118,1309,62422,2555,20229,1112
3210,282,Sterling,06000US2502767385,370,2013-17,102500,19827,117188,17007,48864,34271
3211,283,Stockbridge,06000US2500367595,69,2013-17,54438,10523,66250,32250,31746,4504
3212,284,Stoneham,06000US2501767665,246,2013-17,90320,5547,115350,9092,50379,11724
3213,285,Stoughton,06000US2502167945,285,2013-17,78343,5397,99902,7149,36882,7488
3214,286,Stow,06000US2501768050,247,2013-17,144766,16510,157848,18943,0,0
3215,287,Sturbridge,06000US2502768155,371,2013-17,84745,19502,98625,14033,51522,15095
3216,288,Sudbury,06000US2501768260,248,2013-17,170945,10944,180321,10427,34250,17094
3217,289,Sunderland,06000US2501168400,160,2013-17,54886,13140,93542,22346,33320,6246
3218,290,Sutton,06000US2502768610,372,2013-17,101315,4633,106134,9423,73900,52820
3219,291,Swampscott,06000US2500968645,134,2013-17,105169,7057,124000,10587,46162,13989
3220,292,Swansea,06000US2500568750,93,2013-17,81125,7120,86502,7625,51607,36505
3221,293,Taunton,06000US2500569170,94,2013-17,56797,4341,81755,4558,32990,3740
3222,294,Templeton,06000US2502769275,373,2013-17,67517,10661,74728,9093,35270,7711
3223,295,Tewksbury,06000US2501769415,249,2013-17,93817,5279,98592,5393,54911,13710
3224,296,Tisbury,06000US2500769940,101,2013-17,48869,11170,62236,33009,30868,16911
3225,297,Tolland,06000US2501370045,182,2013-17,90417,21623,85000,22307,91875,81009
3226,298,Topsfield,06000US2500970150,135,2013-17,131387,14580,134397,26009,21317,1199
3227,299,Townsend,06000US2501770360,250,2013-17,84630,7378,98667,7808,40815,7725
3228,300,Truro,06000US2500170605,40,2013-17,62844,12976,63995,4186,36583,27203
3229,301,Tyngsborough,06000US2501771025,251,2013-17,101303,12013,113086,11110,41543,23012
3230,302,Tyringham,06000US2500371095,70,2013-17,86250,21958,98750,38535,0,0
3231,303,Upton,06000US2502771480,374,2013-17,119392,8049,138702,21179,31284,2716
3232,304,Uxbridge,06000US2502771620,375,2013-17,94656,7293,102476,4662,54063,16771
3233,305,Wakefield,06000US2501772215,252,2013-17,92252,5719,112744,6462,53774,9298
3234,306,Wales,06000US2501372390,183,2013-17,50625,7233,59750,11718,33750,21672
3235,307,Walpole,06000US2502172495,286,2013-17,107956,6698,121511,6930,40037,13507
3236,308,Waltham,06000US2501772600,253,2013-17,83249,4169,109813,3823,61331,2237
3237,309,Ware,06000US2501572880,203,2013-17,50016,4123,62987,10481,35243,9972
3238,310,Wareham,06000US2502372985,316,2013-17,65718,5974,79346,7263,30632,9449
3239,311,Warren,06000US2502773090,376,2013-17,68490,21869,84578,5492,46568,17656
3240,312,Warwick,06000US2501173265,161,2013-17,57885,7005,59327,9703,30536,26764
3241,313,Washington,06000US2500373335,71,2013-17,86389,11394,86806,10065,0,0
3242,314,Watertown,06000US2501773440,254,2013-17,93171,4698,112067,9964,79140,3664
3243,315,Wayland,06000US2501773790,255,2013-17,166893,12088,180365,8672,38487,25236
3244,316,Webster,06000US2502773895,377,2013-17,52107,3984,75313,5984,34157,4047
3245,317,Wellesley,06000US2502174175,287,2013-17,176852,14882,204978,9511,79250,15282
3246,318,Wellfleet,06000US2500174385,41,2013-17,59042,13567,66193,9769,22232,8982
3247,319,Wendell,06000US2501174525,162,2013-17,42750,9665,52188,7335,20714,11522
3248,320,Wenham,06000US2500974595,136,2013-17,96979,9914,111250,27810,50982,27307
3249,321,West Boylston,06000US2502775155,379,2013-17,73320,6570,87143,14583,43587,10419
3250,322,West Bridgewater,06000US2502375260,317,2013-17,85368,13920,95982,11729,49177,13600
3251,323,West Brookfield,06000US2502775400,380,2013-17,67121,8362,77857,9489,36414,10987
3252,324,West Newbury,06000US2500977150,137,2013-17,135882,20908,143000,24767,0,0
3253,325,West Springfield,06000US2501377890,185,2013-17,51735,3746,68602,3124,35607,5949
3254,326,West Stockbridge,06000US2500377990,72,2013-17,76518,10721,80221,11506,26000,24838
3255,327,West Tisbury,06000US2500778235,102,2013-17,92188,18717,95625,10268,41802,31642
3256,328,Westborough,06000US2502775015,378,2013-17,107604,9245,140642,14808,73697,7483
3257,329,Westfield,06000US2501376030,184,2013-17,62212,3495,77259,5776,37071,3357
3258,330,Westford,06000US2501776135,256,2013-17,138006,8753,145176,7192,79420,28463
3259,331,Westhampton,06000US2501576380,204,2013-17,86591,6008,87917,7744,0,0
3260,332,Westminster,06000US2502777010,381,2013-17,100071,12561,105607,12983,65156,40861
3261,333,Weston,06000US2501777255,257,2013-17,196651,29148,218868,25745,56167,37771
3262,334,Westport,06000US2500577570,95,2013-17,80176,4056,86845,8575,35685,7061
3263,335,Westwood,06000US2502178690,288,2013-17,145799,13382,157622,11188,48867,6872
3264,336,Weymouth,06000US2502178972,289,2013-17,75892,3858,94829,4482,46564,4904
3265,337,Whately,06000US2501179110,163,2013-17,73750,6248,77188,9759,39444,21760
3266,338,Whitman,06000US2502379530,318,2013-17,79705,4613,94737,6856,43654,5668
3267,339,Wilbraham,06000US2501379740,186,2013-17,104491,7468,114247,5118,30354,11634
3268,340,Williamsburg,06000US2501579915,205,2013-17,75405,5983,87308,6832,33707,5275
3269,341,Williamstown,06000US2500379985,73,2013-17,77340,12709,96656,13689,32264,9785
3270,342,Wilmington,06000US2501780230,258,2013-17,118549,11264,124697,4968,71375,17275
3271,343,Winchendon,06000US2502780405,382,2013-17,64539,10445,79045,6153,32736,15386
3272,344,Winchester,06000US2501780510,259,2013-17,152196,6708,169688,12640,62281,8892
3273,345,Windsor,06000US2500380685,74,2013-17,81875,13690,82083,13402,0,0
3274,346,Winthrop,06000US2502581005,323,2013-17,69928,3955,83355,5176,47708,10191
3275,347,Woburn,06000US2501781035,260,2013-17,83304,4713,103460,3827,56240,3807
3276,348,Worcester,06000US2502782000,383,2013-17,45869,1677,78518,2680,30459,1330
3277,349,Worthington,06000US2501582175,206,2013-17,75000,10820,80563,10845,0,0
3278,350,Wrentham,06000US2502182315,290,2013-17,107444,8468,127011,12253,29262,9208
3279,351,Yarmouth,06000US2500182525,42,2013-17,62954,2953,68006,4849,45923,4080
3280,353,Massachusetts,04000US25,1,2013-17,74167,380,99031,438,40760,321
3281,363,Barnstable County,05000US25001,13,2013-17,68048,1279,77097,1721,38382,3006
3282,364,Berkshire County,05000US25003,14,2013-17,55190,1350,71538,2727,29681,1914
3283,365,Bristol County,05000US25005,15,2013-17,62514,883,86557,1389,33141,1081
3284,366,Dukes County,05000US25007,16,2013-17,67535,8612,83833,13799,45026,9561
3285,367,Essex County,05000US25009,17,2013-17,73533,773,100708,1312,36825,912
3286,368,Franklin County,05000US25011,18,2013-17,57307,2221,71958,2503,30684,2420
3287,369,Hampden County,05000US25013,19,2013-17,52205,1036,75777,1320,26104,1020
3288,370,Hampshire County,05000US25015,20,2013-17,64974,1932,86007,2605,34459,2698
3289,371,Middlesex County,05000US25017,21,2013-17,92878,735,121284,1063,55805,1105
3290,372,Nantucket County,05000US25019,22,2013-17,91942,11350,110714,10957,63008,16935
3291,373,Norfolk County,05000US25021,23,2013-17,95668,1134,117006,1403,52179,1773
3292,374,Plymouth County,05000US25023,24,2013-17,82081,1195,98966,1286,38015,1672
3293,375,Suffolk County,05000US25025,25,2013-17,61242,825,100802,1650,42050,877
3294,376,Worcester County,05000US25027,26,2013-17,69313,924,94126,1105,35790,823
