municipal,muni_id,Population,Type,Community Subtype,Percent in Poverty Score,Low Income Score,Population of Color Score,People of Color in Poverty Score,Foreign Born Score,COVID Case Rate Score,Overcrowding Score,Unemployment Rate Score,School-Aged Population Score,General Score,Income Score,Demographics Score,COVID Impact Score,Frontline Workers (%),Weighted Score,Cases per 100k (est),Percent in Poverty,Unemployment Rate (%),Low-Income Households (%),Overcrowded Homes (%),People of Color (%),Foreign-Born (%),entitlement,Estimated Aid
Abington,1,16516,Other,Maturing New England Town,0.004726862,0.240058267,0.123743865,0.052601156,0.184880031,0.377068993,0.145766831,0.533707865,0.511715401,0.209503599,0.155317029,0.160941034,0.399746999,,0.231325822,8779.365464,3.74,9.9,29.83,1.289566237,10.59,8.420085732,FALSE,1644391
Acton,2,23738,Other,Established Suburb/Cape Cod Town,0.006556866,0.146394756,0.383617668,0.038733032,0.576300842,0.127944768,0.124286775,0.303370787,0.763823161,0.228081209,0.096763345,0.50057782,0.135523742,25,0.190971259,3315.359339,3.6,5.8,23.4,1.099537037,32.83,26.24676372,FALSE,6923487
Acushnet,3,10580,Other,Maturing New England Town,0.003987073,0.21019665,0.128184155,0.051130435,0.23437862,0.483142478,0.457286681,0.511235955,0.449898049,0.234337059,0.13580536,0.189069053,0.445818456,,0.258540145,11105.86011,4.9,9.5,27.78,4.04551201,10.97,10.67442526,FALSE,1048215
Adams,4,8077,Other,Maturing New England Town,0.008075381,0.59796067,0.042182753,0.213559322,0.091084574,0.11339138,0.056967519,0.561797753,0.489170338,0.197963769,0.385653138,0.069496179,0.269918469,,0.211769816,2996.161941,12.69,10.4,54.4,0.50397878,3.61,4.148311307,FALSE,2343721
Agawam,5,28854,Other,Maturing New England Town,0.017568041,0.404515659,0.124912363,0.119362187,0.162477706,0.332319398,0.20808265,0.466292135,0.573540348,0.219697952,0.268363836,0.149868028,0.337934529,39,0.234566425,7797.878977,8.07,8.7,41.12,1.840860215,10.69,7.399805177,FALSE,8372146
Alford,6,491,Other,Rural Town,0.00022583,0.293517844,0.083313858,0,0.093878016,0,0.054474965,0.185393258,0.374331948,0.021902465,0.18653334,0.092401929,0,,0.008304821,509.1649695,6.89,3.7,33.5,0.481927711,7.13,4.275534442,FALSE,142789
Amesbury,7,17569,Other,Sub-Regional Urban Center,0.008316785,0.361981063,0.094297733,0.103851641,0.085791344,0.226436002,0.087637039,0.438202247,0.628607291,0.151643325,0.235344815,0.093912761,0.26410405,,0.164635937,5475.553532,6.23,8.2,38.2,0.775305097,8.07,3.907239038,FALSE,5129852
Amherst,8,39503,Other,Sub-Regional Urban Center,0.0554063,0.568973052,0.346576303,0.226365796,0.365757037,0.244671181,0.131201979,0.308988764,0.259789952,0.308472984,0.397348954,0.371467231,0.202945728,39,0.286422941,5875.503126,30.42,5.9,52.41,1.160714286,29.66,16.65785964,FALSE,11681738
Andover,9,36403,Other,Maturing New England Town,0.010917728,0.123379461,0.267001636,0.074517517,0.375024923,0.264603076,0.115077245,0.348314607,0.753335709,0.192099946,0.084869148,0.334803686,0.235601695,28,0.181324339,6312.666538,4.09,6.6,21.82,1.018062397,22.85,17.0799517,FALSE,10637743
Arlington,10,45624,Entitlement,Streetcar Suburb,0.018728342,0.260742899,0.274246319,0.109420427,0.428615987,0.139876882,0.17208307,0.308988764,0.575621719,0.201843407,0.177433136,0.366528281,0.14519531,26,0.177360376,3577.064703,5.36,5.9,31.25,1.522380059,23.47,19.5206769,TRUE,36793673
Ashburnham,11,6346,Other,Country Suburb,0.001580812,0.137654771,0.057723767,0.312621359,0.049511283,0.225373662,0,0.421348315,0.638678434,0.076907142,0.088017902,0.05592088,0.254230687,,0.094562299,5452.253388,3.3,7.9,22.8,0,4.94,2.25491764,FALSE,1857421
Ashby,12,3234,Other,Rural Town,0.001152513,0.373051712,0.065786399,0.030939227,0.099711528,0.185439176,0.312193428,0.41011236,0.607348367,0.133118735,0.237835548,0.086303775,0.226031497,,0.142847582,4576.376005,4.65,7.7,38.96,2.761904762,5.63,4.541213064,FALSE,941877
Ashfield,13,1734,Other,Rural Town,0.001012343,0.289002185,0.062280907,0.290243902,0.055641583,0.04777893,0.179918179,0.297752809,0.354653996,0.044460372,0.18415561,0.061494161,0.088249689,,0.043000117,1557.093426,8.49,5.7,33.19,1.591695502,5.33,2.53411306,FALSE,502393
Ashland,14,17739,Other,Established Suburb/Cape Cod Town,0.004999416,0.221849964,0.25636831,0.061343013,0.4672239,0.311432055,0.033616521,0.387640449,0.640552102,0.252540645,0.143881071,0.377338501,0.283080203,,0.241816556,7339.759851,3.66,7.3,28.58,0.29739777,21.94,21.27901684,FALSE,5210317
Athol,15,11753,Other,Maturing New England Town,0.012662072,0.584268026,0.096401028,0.530984456,0.089398202,0.209544724,0.082853284,0.516853933,0.555306967,0.219940085,0.379847119,0.096890489,0.298139198,,0.234150718,5105.079554,14.1,9.6,53.46,0.732984293,8.25,4.071507998,FALSE,3432776
Attleboro,16,45117,Entitlement,Sub-Regional Urban Center,0.030393646,0.336635106,0.196073849,0.104681648,0.214552682,0.3397805,0.144658593,0.528089888,0.623655944,0.251614451,0.233260416,0.214133316,0.376101947,39,0.264823299,7961.522264,8.87,9.8,36.46,1.279761905,16.78,9.771482446,TRUE,10850934
Auburn,17,16782,Other,Maturing New England Town,0.004617841,0.314639476,0.101425567,0.092105263,0.159598647,0.365290727,0.006918779,0.426966292,0.556931251,0.188221191,0.202801016,0.136118775,0.334432661,,0.204956657,8521.034442,3.59,8,34.95,0.061208875,8.68,7.268682739,FALSE,4905721
Avon,18,4519,Other,Mature Suburb,0.003558774,0.323379461,0.3261276,0.11638689,0.322839789,0.410626592,0,0.556179775,0.52999498,0.320627265,0.207698423,0.338423186,0.430623942,,0.32802785,9515.379509,10.24,10.3,35.55,0,27.91,14.70325747,FALSE,448784
Ayer,19,8164,Other,Maturing New England Town,0.006883931,0.448361253,0.178663239,0.029545455,0.24233141,0.397315075,0.046339611,0.471910112,0.496275605,0.274822436,0.289507829,0.219540077,0.376848555,,0.286803183,9223.419892,11.03,8.8,44.13,0.409956076,15.29,11.03662322,FALSE,2398145
Barnstable,20,44460,Entitlement,Established Suburb/Cape Cod Town,0.029770665,0.456372906,0.16090208,0.112670054,0.311066935,0.294074739,0.112707567,0.573033708,0.501351153,0.293343433,0.309208857,0.246122164,0.375682054,46,0.302396212,6959.064327,8.69,10.6,44.68,0.997098391,13.77,14.16708038,TRUE,7132724
Barre,21,5592,Other,Country Suburb,0.002593155,0.374217043,0.063916803,0.133993399,0.078885141,0.19529584,0.323799757,0.47752809,0.65161243,0.146397668,0.239497135,0.074468285,0.268615045,,0.161650739,4792.560801,6.17,8.9,39.04,2.864583333,5.47,3.592706265,FALSE,1632119
Becket,22,1730,Other,Rural Town,0.001051279,0.34624909,0.096751577,0,0.076772814,0.116465392,0.045214221,0.573033708,0.43006993,0.150551583,0.220681462,0.090489412,0.277804457,,0.165498656,3063.583815,7.3,10.6,37.12,0.4,8.28,3.496503497,FALSE,502101
Bedford,23,14195,Other,Established Suburb/Cape Cod Town,0.003558774,0.174654042,0.279504557,0.072506659,0.386260843,0.221536222,0.341530419,0.353932584,0.780668183,0.199114309,0.112870059,0.347183005,0.214964234,,0.184624096,5368.087355,3.32,6.7,25.34,3.021442495,23.92,17.59167493,FALSE,4132381
Belchertown,24,15134,Other,Country Suburb,0.006105206,0.316678806,0.077821921,0.245737212,0.114574974,0.200927673,0.070521289,0.421348315,0.674652987,0.133630365,0.205049661,0.100331036,0.240758903,,0.144014427,4916.082992,5.28,7.9,35.09,0.623885918,6.66,5.218146589,FALSE,4417666
Bellingham,25,17182,Other,Maturing New England Town,0.004516606,0.265404224,0.090792241,0.001059002,0.143360687,0.228874739,0.09798196,0.45505618,0.660051569,0.145368607,0.171343728,0.122105951,0.274735925,,0.157682074,5529.042021,3.45,8.5,31.57,0.866824271,7.77,6.529149036,FALSE,1703781
Belmont,26,26330,Other,Streetcar Suburb,0.011205856,0.198543336,0.302173405,0.160866983,0.537480448,0.152891581,0.086770029,0.325842697,0.752721461,0.224354447,0.132977872,0.437862268,0.161655423,25,0.195416843,3862.514242,5.58,6.2,26.98,0.767634855,25.86,24.47874669,FALSE,7641526
Berkley,27,6802,Other,Country Suburb,0.000973407,0.258849235,0.032717925,0.007486631,0.085803016,0.387007883,0.292333323,0.5,0.707286832,0.163330132,0.164905053,0.061806241,0.386648307,,0.193092064,8997.353719,1.88,9.3,31.12,2.586206897,2.8,3.907770624,FALSE,675889
Berlin,28,3220,Other,Country Suburb,0.00102013,0.215440641,0.042416452,0,0.134088701,0.221745198,0.040012585,0.359550562,0.655295802,0.09573306,0.137257221,0.092043818,0.218175372,,0.10551451,5372.670807,4.2,6.8,28.14,0.353982301,3.63,6.106870229,FALSE,948022
Bernardston,29,2114,Other,Rural Town,0.001354982,0.426656956,0.01308717,0.182608696,0.01498773,0.067368787,0.062107446,0.460674157,0.614700146,0.098024636,0.272143721,0.014640485,0.188828619,,0.110228493,1986.754967,8.54,8.6,42.64,0.549450549,1.12,0.682593857,FALSE,611533
Beverly,30,42312,Other,Sub-Regional Urban Center,0.024693377,0.412964312,0.115096985,0.112013619,0.161898266,0.309643393,0.135809812,0.438202247,0.487987048,0.209111772,0.278293919,0.144447344,0.309958279,38,0.221451841,7300.529401,8.23,8.2,41.7,1.201478743,9.85,7.373415447,FALSE,12340086
Billerica,31,43784,Other,Established Suburb/Cape Cod Town,0.012311646,0.215149308,0.188011218,0.051342766,0.261429588,0.312927361,0.196898046,0.45505618,0.5290023,0.205021604,0.144271015,0.234374165,0.321055945,34,0.211840572,7372.556185,3.79,8.5,28.12,1.741912549,16.09,11.90642134,FALSE,12689158
Blackstone,32,9326,Other,Maturing New England Town,0.00266324,0.353532411,0.081911662,0.071296296,0.088103571,0.23442926,0.081223151,0.488764045,0.703398767,0.159626844,0.226353156,0.088659458,0.296372781,,0.176596156,5650.86854,3.71,9.1,37.62,0.718562874,7.01,4.012545966,FALSE,2717663
Blandford,33,1260,Other,Rural Town,0.000467235,0.246904588,0.022785698,0,0.055965229,0.13961991,0.031841,0.421348315,0.411480459,0.075490217,0.156966324,0.041066993,0.206973201,,0.088682811,3571.428571,5.1,7.9,30.3,0.281690141,1.95,2.548853016,FALSE,366334
Bolton,34,5376,Other,Country Suburb,0.000584044,0.093226511,0.090558542,0.075862069,0.126642886,0.127746553,0,0.292134831,0.851556532,0.039217899,0.059054588,0.113266091,0.129222558,,0.038843998,3311.011905,1.43,5.6,19.75,0,7.75,5.76776165,FALSE,1587644
Boston,35,694583,Entitlement,Metro Core Community,1,0.569555717,0.648399159,0.305820375,0.626852337,0.371712751,0.35817618,0.516853933,0.424167857,0.736456022,1,0.665017507,0.387507337,39,0.697155561,8661.88778,20.18,9.6,52.45,3.168703782,55.49,28.54905632,TRUE,569007913
Bourne,36,19872,Other,Established Suburb/Cape Cod Town,0.007833976,0.365185725,0.113694789,0.051475919,0.086327332,0.218152872,0.179936904,0.550561798,0.534160933,0.18107296,0.237080287,0.104307434,0.321458858,40,0.199006763,5293.880837,5.21,10.2,38.42,1.591861161,9.73,3.931649781,FALSE,1949631
Boxborough,37,6388,Other,Country Suburb,0.002445197,0.23219228,0.340266417,0.058091286,0.466880472,0.101689742,0.104905384,0.314606742,0.643499741,0.208085884,0.148846816,0.420910553,0.127246978,,0.176965924,2739.511584,5.42,6,29.29,0.928074246,29.12,21.26337591,FALSE,1695028
Boxford,38,8367,Other,Country Suburb,0.001316046,0.017625637,0.084482356,0,0.120006955,0.235078716,0,0.331460674,0.795707376,0.052936805,0.011317673,0.106636983,0.210043379,,0.062256358,5665.112944,2.04,6.3,14.56,0,7.23,5.465538089,FALSE,2437938
Boylston,39,4688,Other,Country Suburb,0.00133162,0.160670066,0.066838046,0.032061069,0.144750524,0.233541587,0,0.370786517,0.660342993,0.096582215,0.102533729,0.110339101,0.230868119,,0.106428701,5631.399317,3.75,7,24.38,0,5.72,6.592447064,FALSE,1378728
Braintree,40,37250,Other,Mature Suburb,0.013394074,0.332847779,0.227856976,0.094542448,0.332716171,0.40897679,0.137858241,0.516853933,0.667467647,0.2950676,0.220006544,0.292327402,0.408042937,34,0.30433749,9479.194631,4.7,9.6,36.2,1.219600726,19.5,15.1530626,FALSE,3669000
Brewster,41,9806,Other,Established Suburb/Cape Cod Town,0.00376903,0.397378004,0.049777986,0,0.06875477,0.156258733,0.105640702,0.47752809,0.458850578,0.137348153,0.255014471,0.061812401,0.247102336,,0.15135388,3936.365491,5.09,8.9,40.63,0.934579439,4.26,3.131333604,FALSE,964358
Bridgewater,42,27395,Other,Maturing New England Town,0.016376592,0.283321194,0.206122926,0.125693008,0.113243333,0.385039831,0.114756905,0.47752809,0.499321322,0.21355494,0.190329723,0.166542956,0.373179845,43,0.23159329,8954.188721,9.31,8.9,32.8,1.015228426,17.64,5.157498996,FALSE,2724768
Brimfield,43,3772,Other,Rural Town,0.000833236,0.291041515,0.085300304,0.097435897,0.073405405,0.190732369,0.189022661,0.421348315,0.610641214,0.116261244,0.185341701,0.082761773,0.235140438,,0.128011186,4692.470838,2.88,7.9,33.33,1.672240803,7.3,3.343139877,FALSE,1076766
Brockton,44,95777,Entitlement,Major Regional Urban Center,0.11418448,0.626365623,0.767585885,0.237014468,0.650316886,0.55422195,0.345518892,0.747191011,0.711181963,0.672941789,0.471420236,0.739407221,0.615020146,54,0.657617162,12664.83603,15.61,13.7,56.35,3.056727614,65.69,29.61771425,TRUE,35646721
Brookfield,45,3458,Other,Maturing New England Town,0.001977962,0.418645302,0.109020799,0.69125,0.111353026,0.220707597,0,0.45505618,0.624007214,0.175268458,0.267432652,0.114920431,0.270235146,,0.186447074,5349.913245,7.46,8.5,42.09,0,9.33,5.071407753,FALSE,1010053
Brookline,46,59310,Entitlement,Streetcar Suburb,0.053428338,0.295557174,0.355456882,0.214930344,0.62400742,0.125996822,0.190943061,0.280898876,0.522372075,0.272472477,0.221755921,0.51077055,0.12206636,28,0.231237393,3272.635306,11.89,5.4,33.64,1.689230148,30.42,28.41948881,TRUE,34211476
Buckland,47,1875,Other,Rural Town,0.001510727,0.446467589,0.093713484,0.603921569,0.112777171,0.054598526,0,0.292134831,0.44521423,0.101989235,0.284874423,0.107680643,0.088911881,,0.094785716,1706.666667,10.19,5.6,44,0,8.02,5.136268344,FALSE,541309
Burlington,48,28742,Other,Mature Suburb,0.008168828,0.26394756,0.308249591,0.060025221,0.487600288,0.242492051,0.224363986,0.353932584,0.576583808,0.255995348,0.172743631,0.415019393,0.226512647,33,0.235406186,5827.70858,3.88,6.7,31.47,1.984897519,26.38,22.20702908,FALSE,8376243
Cambridge,49,118977,Entitlement,Metro Core Community,0.101779387,0.367225055,0.458050946,0.189855104,0.632789058,0.153945284,0.23126814,0.269662921,0.30589823,0.33008809,0.298280828,0.568850695,0.131276349,22,0.283205575,3885.624953,13.18,5.2,38.56,2.045977011,39.2,28.81943544,TRUE,87893020
Canton,50,23629,Other,Established Suburb/Cape Cod Town,0.009002064,0.280844865,0.237789203,0.102613129,0.33171869,0.298829707,0.082415153,0.443820225,0.632705109,0.241507993,0.184048748,0.296986689,0.307095009,31,0.240359287,7063.354353,5.06,8.3,32.63,0.729108245,20.35,15.10763379,FALSE,2348495
Carlisle,51,5247,Other,Country Suburb,0.00119145,0,0.17375555,0.054474708,0.31711939,0.106258519,0,0.292134831,0.793801822,0.076272514,0,0.255981216,0.117380856,,0.061917691,2839.717934,2.95,5.6,13.35,0,14.87,14.44273043,FALSE,1536732
Carver,52,11777,Other,Maturing New England Town,0.005108437,0.383248361,0.091843889,0.068777293,0.080213469,0.208683249,0.025146953,0.505617978,0.636504695,0.165504627,0.246859328,0.089724384,0.291472503,,0.181575422,5086.184937,5.64,9.4,39.66,0.22246941,7.86,3.653202984,FALSE,1160880
Charlemont,53,1245,Other,Rural Town,0.001207024,0.512163146,0.072329984,0.38,0.068008484,0.03171745,0.206054391,0.533707865,0.56465708,0.152597469,0.326568726,0.073183633,0.209429431,,0.160603293,1204.819277,13.83,9.9,48.51,1.822916667,6.19,3.097345133,FALSE,360775
Charlton,54,13697,Other,Country Suburb,0.003916988,0.264530226,0.083313858,0.023309053,0.083222368,0.260393578,0.05610865,0.398876404,0.65145889,0.123597625,0.17040414,0.086845227,0.261145687,,0.13786902,6220.34022,3.77,7.5,31.51,0.496380558,7.13,3.790238837,FALSE,4012415
Chatham,55,6160,Other,Established Suburb/Cape Cod Town,0.004220691,0.403204661,0.086585651,0.217982456,0.138413089,0.178108094,0.040733532,0.511235955,0.307874695,0.176431251,0.259017571,0.117332229,0.277719011,,0.1882757,4415.584416,9.02,9.5,41.03,0.36036036,7.41,6.303818034,FALSE,590157
Chelmsford,56,35313,Other,Established Suburb/Cape Cod Town,0.010364833,0.241077932,0.174456649,0.083107463,0.237430747,0.294919864,0.053669181,0.398876404,0.583694351,0.184642178,0.159561984,0.214790832,0.280172556,27,0.188865106,6977.600317,3.81,7.5,29.9,0.474799123,14.93,10.81342986,FALSE,10355385
Chelsea,57,40160,Other,Metro Core Community,0.057641241,0.761981063,0.917620939,0.193979677,1,0.898649823,1,0.679775281,0.657600309,0.871676846,0.521837224,1,0.767676992,50,0.846692445,20219.12351,18.76,12.5,65.66,8.846774194,78.53,45.54351099,FALSE,11613270
Cheshire,58,3144,Other,Maturing New England Town,0.001082428,0.417188638,0.050128535,0,0.026996342,0.114552494,0,0.43258427,0.364744247,0.111587004,0.265932874,0.040219042,0.19935091,,0.122536408,3021.628499,4.38,8.1,41.99,0,4.29,1.229508197,FALSE,915543
Chester,59,1384,Other,Rural Town,0.001090215,0.356737072,0.020448703,0,0.076834811,0.151385418,0.031841,0.43258427,0.54578146,0.110785328,0.227393499,0.050731358,0.21964893,,0.123383743,3829.479769,9.54,8.1,37.84,0.281690141,1.75,3.499327052,FALSE,400569
Chesterfield,60,1258,Other,Rural Town,0.000552895,0.341587764,0.030147231,0,0.011343112,0.078265689,0.221638336,0.337078652,0.487915129,0.055027943,0.217391595,0.021636363,0.126722268,,0.060887873,2225.755167,5.26,6.4,36.8,1.960784314,2.58,0.516605166,FALSE,365457
Chicopee,61,55582,Entitlement,Sub-Regional Urban Center,0.065389557,0.556882739,0.334307081,0.194273515,0.172228976,0.371347681,0.230152874,0.58988764,0.566055564,0.354840732,0.396005481,0.264148167,0.42755383,46,0.366342863,8653.880753,15.32,10.9,51.58,2.036110507,28.61,7.843912255,TRUE,40627751
Chilmark,62,917,Other,Rural Town,0.00102013,0.307501821,0.116732882,0.202061856,0.079144786,0.056338081,0,0.359550562,0.475025747,0.083199313,0.195956072,0.102146187,0.127022224,,0.081729845,1744.820065,13.59,6.8,34.46,0,9.99,3.604531411,FALSE,90960
Clarksburg,63,1650,Other,Rural Town,0.001238173,0.441369264,0.049544286,0.018918919,0.075540223,0.067972677,0,0.43258427,0.608299885,0.117558835,0.281449914,0.065229007,0.173681537,,0.123244727,2000,9.13,8.1,43.65,0,4.24,3.440366972,FALSE,479278
Clinton,64,14022,Other,Sub-Regional Urban Center,0.007904061,0.430007283,0.251460622,0.057572718,0.248969502,0.43623394,0.288386866,0.516853933,0.54369469,0.308718372,0.278455652,0.260964048,0.423063905,,0.321710589,10077.02182,7.31,9.6,42.87,2.551293488,21.52,11.33894525,FALSE,4096391
Cohasset,65,8541,Other,Country Suburb,0.002795624,0.181500364,0.036223417,0.085496183,0.083940336,0.164690456,0.09579284,0.320224719,0.773390342,0.052798525,0.116748731,0.062662933,0.165061613,,0.060150026,4121.297272,4.29,6.1,25.81,0.847457627,3.1,3.822937626,FALSE,843308
Colrain,66,1677,Other,Rural Town,0.002001324,0.554406409,0.041598504,0.678125,0.053672727,0.077379605,0.206054391,0.398876404,0.516770833,0.131419178,0.354009776,0.049681994,0.160289689,,0.136173771,2206.320811,14.28,7.5,51.41,1.822916667,3.56,2.444444444,FALSE,486008
Concord,67,19211,Other,Established Suburb/Cape Cod Town,0.006564654,0.135032775,0.241294695,0.056126284,0.241012522,0.207945864,0.025081853,0.308988764,0.716513352,0.134415823,0.089523832,0.251513324,0.182707009,25,0.126009608,5070.011972,4.8,5.9,22.62,0.221893491,20.65,10.97655644,FALSE,5535395
Conway,68,1892,Other,Rural Town,0.000303703,0.205098325,0.036106567,0,0.035037806,0.041850285,0.179918179,0.286516854,0.639943484,0.009962776,0.130206089,0.037100331,0.07879056,,0.010600703,1427.061311,2.11,5.5,27.43,1.591695502,3.09,1.595744681,FALSE,548039
Cummington,69,878,Other,Rural Town,0.000669704,0.551347414,0.061462959,0,0.010037497,0.101414976,0.030550149,0.43258427,0.575464286,0.138288695,0.351210289,0.037286022,0.19211104,,0.14756621,2733.485194,9.86,8.1,51.2,0.27027027,5.26,0.457142857,FALSE,255732
Dalton,70,6569,Other,Maturing New England Town,0.004867033,0.559941733,0.086468801,0,0.088159526,0.131563699,0,0.460674157,0.50940566,0.178731817,0.359366333,0.091065092,0.224205382,,0.18610873,3394.732836,9.59,8.6,51.79,0,7.4,4.01509434,FALSE,1909211
Danvers,71,27727,Other,Mature Suburb,0.012747732,0.390531682,0.106683805,0.051625694,0.191908418,0.419780968,0.139351557,0.488764045,0.595251936,0.243461409,0.256374092,0.155709721,0.398517066,38,0.264232524,9716.161143,6.03,9.1,40.16,1.232811759,9.13,8.740183128,FALSE,8060820
Dartmouth,72,34307,Other,Maturing New England Town,0.017030721,0.223743627,0.124094415,0.056891818,0.267370293,0.418940594,0.084096472,0.471910112,0.486550633,0.223182298,0.152759728,0.204140818,0.388766024,39,0.239789126,9697.729326,7.56,8.8,28.71,0.743982495,10.62,12.17698186,FALSE,3372836
Dedham,73,25334,Other,Mature Suburb,0.009134447,0.324107793,0.262561346,0.068759867,0.312781829,0.360842064,0.102438469,0.45505618,0.472876522,0.26995013,0.211717901,0.300029668,0.347460951,34,0.27231367,8423.46254,4.81,8.5,35.6,0.90625,22.47,14.24518265,FALSE,2487994
Deerfield,74,5042,Other,Maturing New England Town,0.003488689,0.329643117,0.084482356,0.28,0.057438115,0.12599115,0,0.359550562,0.572829964,0.092559138,0.211647487,0.074008615,0.165406888,,0.097532076,3272.510908,9.16,6.8,35.98,0,7.23,2.615933413,FALSE,1460364
Dennis,75,13885,Other,Established Suburb/Cape Cod Town,0.011992368,0.49206118,0.114045338,0.329955947,0.160408002,0.165596049,0.097795719,0.629213483,0.308887516,0.234845968,0.320628383,0.143121789,0.335839309,,0.249403887,4141.159525,11.13,11.6,47.13,0.86517664,9.76,7.305543618,FALSE,1368451
Dighton,76,7891,Other,Country Suburb,0.001907877,0.357174071,0.097569526,0.00664557,0.138047072,0.340795266,0.044589961,0.5,0.590447926,0.202840706,0.228193479,0.122869224,0.361181292,,0.223257163,7983.778989,3.26,9.3,37.87,0.394477318,8.35,6.287148329,FALSE,785989
Douglas,77,8954,Other,Country Suburb,0.001962388,0.166642389,0.140336527,0.021212121,0.081645976,0.198796129,0.17942151,0.398876404,0.878546452,0.098983715,0.106743905,0.115759324,0.227200344,,0.107874347,4869.332142,2.87,7.5,24.79,1.587301587,12.01,3.718444394,FALSE,2644513
Dover,78,6101,Other,Country Suburb,0.000436086,0.046467589,0.211030615,0,0.348774521,0.130732199,0,0.280898876,0.941837523,0.10596893,0.029146434,0.2919269,0.124675948,,0.088540701,3376.495656,0.94,5.4,16.54,0,18.06,15.88441624,FALSE,604463
Dracut,79,31747,Other,Maturing New England Town,0.018066425,0.309541151,0.183687778,0.129344729,0.200847857,0.425440912,0.200472329,0.47752809,0.598211716,0.244551816,0.2081252,0.200527449,0.395444218,36,0.261417224,9840.299871,7.45,8.9,34.6,1.773533424,15.72,9.147316574,FALSE,9256089
Dudley,80,11802,Other,Maturing New England Town,0.005279757,0.422869629,0.102710914,0.043622201,0.158258987,0.296659706,0.229222918,0.471910112,0.65674756,0.207994912,0.272231359,0.136090452,0.321379033,,0.222401316,7015.760041,6.42,8.8,42.38,2.027883397,8.79,7.20766992,FALSE,3444773
Dunstable,81,3404,Other,Country Suburb,0.000646342,0.126729789,0.0869362,0,0.12931342,0.157606343,0,0.320224719,0.781390135,0.060248606,0.080456233,0.112769743,0.161157675,,0.062936603,3965.922444,2.48,6.1,22.05,0,7.44,5.889387145,FALSE,995716
Duxbury,82,15946,Other,Established Suburb/Cape Cod Town,0.004937118,0.142461763,0.038560411,0.010810811,0.066977105,0.212102047,0.082322811,0.421348315,0.824412533,0.075326683,0.093222878,0.055035651,0.246916917,,0.092233533,5161.168945,4.07,7.9,23.13,0.728291317,3.3,3.05037254,FALSE,1570695
East Bridgewater,83,14496,Other,Maturing New England Town,0.007483549,0.204369993,0.124678663,0.156872964,0.105465759,0.314586251,0.078966952,0.483146067,0.68079209,0.157380363,0.13431962,0.120015597,0.337450008,,0.176924745,7408.940397,6.73,9,27.38,0.698602794,10.67,4.803280968,FALSE,1433071
East Brookfield,84,2215,Other,Maturing New England Town,0.001113577,0.352804079,0.035171769,0,0.076274982,0.264962137,0.2603243,0.415730337,0.404136753,0.13562746,0.22490069,0.058117195,0.27295127,,0.153092133,6320.541761,6.75,7.8,37.57,2.303030303,3.01,3.473830477,FALSE,646645
East Longmeadow,85,16296,Other,Maturing New England Town,0.005069501,0.270939548,0.167095116,0.040483384,0.111818182,0.353095541,0.083868093,0.421348315,0.610966435,0.178195678,0.175225619,0.145447566,0.324616118,,0.193411958,8253.559156,4.13,7.9,31.95,0.741962077,14.3,5.092592593,FALSE,4737769
Eastham,86,4871,Other,Established Suburb/Cape Cod Town,0.002725538,0.457538237,0.094064034,0.373096447,0.129238159,0.097532292,0.140708155,0.58988764,0.329150061,0.187860634,0.292707718,0.116447515,0.276658662,,0.19920537,2648.326832,7.18,10.9,44.76,1.244813278,8.05,5.885959534,FALSE,484004
Easthampton,87,15987,Other,Sub-Regional Urban Center,0.011898921,0.441369264,0.134143491,0.072282609,0.114697808,0.20807625,0.062623574,0.45505618,0.428922486,0.186526761,0.288247281,0.129765635,0.263274218,,0.195277126,5072.871708,9.58,8.5,43.65,0.55401662,11.48,5.223740872,FALSE,4631556
Easton,88,25050,Other,Maturing New England Town,0.007031889,0.198834669,0.135545688,0.096808511,0.183833397,0.300218401,0.056809104,0.415730337,0.68632745,0.157720356,0.130502277,0.166549644,0.292380419,36,0.168210507,7093.812375,4.03,7.8,27,0.50257732,11.6,8.372418333,FALSE,2476748
Edgartown,89,4343,Other,Maturing New England Town,0.001238173,0.409468318,0.223884085,0.056,0.448726935,0.253937839,0.162058138,0.584269663,0.690910938,0.31570721,0.261109647,0.350752855,0.359755218,,0.313825297,6078.74741,3.73,10.8,41.46,1.433691756,19.16,20.43660009,FALSE,428954
Egremont,90,1208,Other,Rural Town,0.000545108,0.401456664,0.124444964,0,0.176610852,0.029625662,0.054474965,0.224719101,0.459578804,0.091817973,0.255559458,0.156994435,0.037998043,,0.0750475,1158.940397,5.07,4.4,40.91,0.481927711,10.65,8.043478261,FALSE,352582
Erving,91,1774,Other,Rural Town,0.001448429,0.427093955,0.077003973,0,0.047812617,0.125851481,0.091961127,0.426966292,0.639551926,0.126366467,0.272481937,0.065089292,0.202481621,,0.135181942,3269.447576,10.57,8,42.67,0.813559322,6.59,2.177554439,FALSE,512049
Essex,92,3789,Other,Maturing New England Town,0.001775494,0.296285506,0.015073615,0,0.055587405,0.148859669,0,0.353932584,0.665642674,0.071872984,0.189286096,0.036848273,0.174913378,,0.081683921,3774.082871,6.16,6.7,33.69,0,1.29,2.53164557,FALSE,1111585
Everett,93,46880,Other,Metro Core Community,0.047151812,0.715804807,0.64769806,0.129921322,0.885731517,0.723420934,0.548522224,0.612359551,0.656160044,0.712953612,0.485706787,0.799652083,0.633959524,51,0.693661013,16375.85324,13.27,11.3,62.49,4.852652259,55.43,40.3393231,FALSE,13591534
Fairhaven,94,16094,Other,Maturing New England Town,0.009204532,0.339402768,0.115798084,0.254785894,0.186194913,0.477086419,0.093347678,0.516853933,0.543487926,0.251385708,0.22151477,0.157483155,0.445577036,,0.277364297,10973.03343,7.56,9.6,36.65,0.825825826,9.91,8.479970049,FALSE,1586184
Fall River,95,89661,Entitlement,Major Regional Urban Center,0.132850524,0.719883467,0.270273428,0.386769901,0.457135922,0.608763999,0.155565675,0.724719101,0.524208352,0.546093696,0.542949466,0.379329061,0.632693473,46,0.565866159,13861.09903,19.41,13.3,62.77,1.376254399,23.13,20.81957488,TRUE,73038290
Falmouth,96,31019,Other,Established Suburb/Cape Cod Town,0.014235097,0.39184268,0.143024071,0.059785172,0.170996748,0.156402601,0.094924883,0.56741573,0.468247827,0.204796728,0.258158348,0.163755418,0.296717223,42,0.214207712,3939.520939,5.99,10.5,40.25,0.839779006,12.24,7.787792283,FALSE,3057631
Fitchburg,97,40882,Entitlement,Sub-Regional Urban Center,0.049550286,0.561835397,0.419373685,0.168620477,0.243787277,0.442514135,0.475494437,0.674157303,0.614913193,0.424779663,0.389064101,0.345824844,0.513212124,44,0.437499806,10214.76444,16.37,12.4,51.92,4.206591913,35.89,11.10292854,TRUE,32715142
Florida,98,724,Other,Rural Town,0.000833236,0.529351784,0.062514606,1,0.055941464,0.033462532,0.356017485,0.376404494,0.690406051,0.115296825,0.337289992,0.061772412,0.12370381,,0.115337419,1243.093923,13.63,7.1,49.69,3.149606299,5.35,2.547770701,FALSE,209209
Foxborough,99,17671,Other,Maturing New England Town,0.007561422,0.300946832,0.152488899,0.007954545,0.175305587,0.265761224,0.178008743,0.45505618,0.56225941,0.184640718,0.195947339,0.170938103,0.295063461,,0.194071371,6338.068021,5.55,8.5,34.01,1.57480315,13.05,7.984031936,FALSE,1815163
Framingham,100,73123,Entitlement,Sub-Regional Urban Center,0.05203442,0.474289876,0.410960505,0.155172824,0.623692401,0.413997908,0.211903382,0.41011236,0.531963112,0.423356007,0.334828367,0.539550275,0.351986463,39,0.40166313,9589.322101,9.71,7.7,45.91,1.874661369,35.17,28.40514173,TRUE,27958838
Franklin,101,33230,Other,Maturing New England Town,0.009897598,0.169264385,0.132858144,0.194299414,0.157985255,0.194806294,0.11621894,0.421348315,0.760206264,0.121718162,0.113475253,0.151668869,0.237385512,34,0.128154135,4781.823653,3.98,7.9,24.97,1.028162718,11.37,7.195203198,FALSE,3362872
Freetown,102,9395,Other,Country Suburb,0.003901413,0.130662782,0.062865155,0.05060241,0.156886752,0.387832218,0.225694945,0.483146067,0.634046319,0.154028049,0.085039393,0.114596114,0.377814659,,0.178972122,9015.433741,5.5,9,22.32,1.996672213,5.38,7.145173495,FALSE,926770
Gardner,103,20719,Other,Sub-Regional Urban Center,0.022551883,0.621558631,0.188011218,0.165900846,0.129146402,0.43670527,0.202266903,0.58988764,0.521351253,0.33111181,0.409929681,0.165391196,0.463571325,42,0.355556183,10087.35943,14.95,10.9,56.02,1.789409617,16.09,5.881780589,FALSE,6051833
Aquinnah,104,327,Other,Rural Town,0.000584044,0.470211216,0.508296331,0.399065421,0.02677686,0.011642852,0,0.353932584,1,0.187966988,0.299422666,0.279029697,0.099295442,,0.165329876,764.5259939,15.24,6.7,45.63,0,43.5,1.219512195,FALSE,31570
Georgetown,105,8773,Other,Country Suburb,0.001596387,0.15396941,0.082846459,0,0.084284105,0.232480006,0.268705748,0.382022472,0.665734478,0.0871263,0.098430161,0.087155162,0.23647505,,0.09981902,5608.11581,2.37,7.2,23.92,2.377179081,7.09,3.838594057,FALSE,2565511
Gill,106,1489,Other,Rural Town,0.00084881,0.2399126,0.104697359,0.6125,0.202092019,0.071708359,0.062107446,0.325842697,0.401585821,0.088961541,0.152751479,0.15998437,0.116916681,,0.081546117,2081.934184,6.8,6.2,29.82,0.549450549,8.96,9.2039801,FALSE,428658
Gloucester,107,30401,Entitlement,Sub-Regional Urban Center,0.020823113,0.518863802,0.081093713,0.282149712,0.205036479,0.221543385,0.056428207,0.539325843,0.463695755,0.237950739,0.343348466,0.149211028,0.317135364,39,0.249667686,5368.244466,8.97,10,48.97,0.499207607,6.94,9.338081134,TRUE,23098722
Goshen,108,1064,Other,Rural Town,0.000186894,0.209613984,0.072213134,0,0.061295782,0.079628207,0.070868684,0.247191011,0.502025174,0.025107158,0.133010827,0.069622162,0.077937526,,0.022522016,2255.639098,2.39,4.8,27.74,0.626959248,6.18,2.791625125,FALSE,309863
Gosnold,109,75,Other,Rural Town,0,0.970866715,0,0,0,0.28074325,0,0,0,0.160139071,0.618271715,0,0.052545816,,0.154718773,6666.666667,0,0.4,80,0,0,0,FALSE,7399
Grafton,110,18885,Other,Maturing New England Town,0.006502356,0.247195921,0.263145595,0.055746304,0.27281226,0.222317653,0.049831984,0.41011236,0.708732684,0.199727168,0.161000115,0.279491032,0.24635462,,0.194261304,5385.22637,4.52,7.7,30.32,0.440852314,22.52,12.42482818,FALSE,5525154
Granby,111,6347,Other,Country Suburb,0.001861153,0.200436999,0.090558542,0.091242363,0.082863239,0.196600483,0.181219321,0.43258427,0.472199195,0.102848999,0.128227037,0.090435903,0.244566211,,0.115650494,4821.175358,3.8,8.1,27.11,1.603206413,7.75,3.773882836,FALSE,1840743
Granville,112,1624,Other,Rural Town,0.000965619,0.247487254,0.050011685,0.185294118,0.037285514,0.173309832,0.031841,0.421348315,0.616450472,0.085549377,0.157655609,0.045523699,0.225539165,,0.100235745,4310.344828,7.91,7.9,30.34,0.281690141,4.28,1.698113208,FALSE,471378
Great Barrington,113,6852,Other,Maturing New England Town,0.004345287,0.412090313,0.190698761,0.119466667,0.242055974,0.236959463,0.172903329,0.483146067,0.6462005,0.233912312,0.264762568,0.225672721,0.294671159,,0.237125397,5706.363106,9.48,9,41.64,1.529636711,16.32,11.02407891,FALSE,2032103
Greenfield,114,17460,Other,Maturing New England Town,0.017303275,0.53197378,0.14781491,0.276199095,0.132360586,0.159316744,0.051180392,0.449438202,0.487400175,0.20347088,0.349463206,0.146105776,0.23330768,,0.206693967,4003.436426,13.22,8.4,49.87,0.452781371,12.65,6.028165789,FALSE,5049680
Groton,115,11386,Other,Country Suburb,0.003885839,0.117698471,0.111825193,0.108788159,0.150965474,0.141765106,0.027944512,0.320224719,0.759498606,0.066032756,0.076763327,0.137039945,0.152427829,,0.065556554,3618.478834,4.45,6.1,21.43,0.247218789,9.57,6.875497744,FALSE,3313688
Groveland,116,6850,Other,Established Suburb/Cape Cod Town,0.001316046,0.269774217,0.07373218,0,0.041968532,0.255672265,0.049685957,0.404494382,0.629898874,0.112614561,0.172089366,0.060335549,0.261639824,,0.129436448,6116.788321,2.5,7.6,31.87,0.43956044,6.31,1.911394281,FALSE,2004013
Hadley,117,5346,Other,Maturing New England Town,0.002328388,0.254042243,0.152722599,0.040345821,0.16829584,0.213879321,0.098721006,0.443820225,0.51032839,0.156302472,0.162704027,0.167404533,0.260280245,,0.162925587,5200.149645,5.77,8.3,30.79,0.873362445,13.07,7.664783427,FALSE,1563066
Halifax,118,7890,Other,Maturing New England Town,0.002639879,0.40611799,0.062865155,0.259382423,0.081104041,0.2293131,0.038644633,0.528089888,0.653398198,0.173728646,0.259867192,0.075076984,0.315225176,,0.193476586,5538.656527,4.33,9.8,41.23,0.341880342,5.38,3.693762781,FALSE,778984
Hamilton,119,8098,Other,Maturing New England Town,0.006299887,0.27778587,0.089506894,0.804885993,0.191918633,0.17046559,0.225660811,0.331460674,0.80181967,0.117370424,0.180375385,0.146757642,0.174436145,,0.116797207,4247.96246,10.31,6.3,32.42,1.996370236,7.66,8.740648379,FALSE,2355718
Hampden,120,5220,Other,Country Suburb,0.001830004,0.208739985,0.071161486,0,0.056679663,0.301705868,0.059336248,0.382022472,0.511660807,0.106851274,0.133501218,0.066666538,0.274624286,,0.124961462,7126.436782,4.62,7.2,27.68,0.524934383,6.09,2.581390869,FALSE,1514787
Hancock,121,701,Other,Rural Town,0.000155745,0.253313911,0.033185324,0,0.091314659,0.080850781,0.042654925,0.264044944,0.392367675,0.037353631,0.160854345,0.064924188,0.087899192,,0.035858263,2282.453638,3.78,5.1,30.74,0.377358491,2.84,4.15879017,FALSE,203649
Hanover,122,14517,Other,Maturing New England Town,0.003130475,0.219082302,0.037158215,0,0.058564267,0.332941858,0.157776443,0.443820225,0.762769587,0.123700712,0.14092474,0.049917311,0.325893656,,0.148623524,7811.531308,2.81,8.3,28.39,1.395812562,3.18,2.667222338,FALSE,1437411
Hanson,123,10874,Other,Maturing New England Town,0.002756687,0.165477058,0.070460388,0,0.092207978,0.288318439,0.20123158,0.483146067,0.563159097,0.125481676,0.106507333,0.084828217,0.322974248,,0.147263005,6832.812213,3.32,9,24.71,1.780250348,6.03,4.199475066,FALSE,1076727
Hardwick,124,3056,Other,Rural Town,0.003177199,0.480407866,0.054802524,0.650704225,0.083472987,0.090172748,0.056166734,0.359550562,0.561632231,0.118333289,0.307577535,0.072107844,0.145667954,,0.120088571,2486.910995,13.99,6.8,46.33,0.49689441,4.69,3.801652893,FALSE,894476
Harvard,125,6610,Other,Country Suburb,0.002024686,0.07414421,0.223767235,0.06009539,0.227256878,0.056108659,0,0.297752809,0.669877283,0.074088417,0.047806143,0.235199827,0.092840066,,0.058491045,1739.7882,4.79,5.7,18.44,0,19.15,10.3500761,FALSE,1937008
Harwich,126,12133,Other,Maturing New England Town,0.005731418,0.360815732,0.10446366,0.095395948,0.117000453,0.197369633,0.030940388,0.601123596,0.429264125,0.191464372,0.232953344,0.115488994,0.337869333,,0.210095895,4838.045001,6.15,11.1,38.12,0.273722628,8.94,5.328611431,FALSE,1197876
Hatfield,127,3284,Other,Country Suburb,0.001611961,0.325273125,0.047557841,0.094029851,0.051357561,0.171155483,0.148243346,0.460674157,0.528924286,0.115092938,0.207664535,0.051582354,0.246023765,,0.130626192,4263.093788,6.29,8.6,35.68,1.31147541,4.07,2.339003645,FALSE,951241
Haverhill,128,64041,Entitlement,Sub-Regional Urban Center,0.063777596,0.49410051,0.313975228,0.162178055,0.187335615,0.482836066,0.239095384,0.56741573,0.620600407,0.359345133,0.354947296,0.261423325,0.476609349,39,0.376777201,11099.13961,13.15,10.5,47.27,2.115222876,26.87,8.531921618,TRUE,38292451
Hawley,129,336,Other,Rural Town,0.000350426,0.368099053,0.122224819,0.430769231,0.170711453,0.010709168,0.206054391,0.241573034,0.49463807,0.081661941,0.234166282,0.152760259,0.036861399,,0.06547729,744.047619,12.06,4.7,38.62,1.822916667,10.46,7.774798928,FALSE,97728
Heath,130,702,Other,Rural Town,0.000856598,0.561981063,0.056204721,0.329411765,0.027950951,0.022249086,0.206054391,0.303370787,0.576290665,0.095350249,0.358109543,0.043885457,0.077276586,,0.09198002,997.1509972,15.97,5.8,51.93,1.822916667,4.81,1.272984441,FALSE,203357
Hingham,131,23923,Other,Established Suburb/Cape Cod Town,0.00816104,0.208011653,0.051764431,0.044724105,0.125062116,0.292584943,0.010688941,0.342696629,0.791748487,0.108277419,0.137073541,0.092211419,0.247926067,34,0.12113436,6926.388831,4.55,6.5,27.63,0.094562648,4.43,5.695767877,FALSE,2434720
Hinsdale,132,1922,Other,Rural Town,0.000965619,0.292206846,0.018345408,0.482758621,0.056877344,0.121489521,0,0.58988764,0.487469644,0.120234827,0.186169133,0.039227123,0.289861098,,0.141797622,3173.777315,6.72,10.9,33.41,0,1.57,2.590393956,FALSE,559157
Holbrook,133,11048,Other,Mature Suburb,0.005715843,0.495994173,0.26524889,0.136367265,0.311767469,0.35728299,0.149806153,0.584269663,0.586175358,0.338639937,0.31913413,0.3009022,0.416707035,,0.346599191,8345.401883,6.67,10.8,47.4,1.325301205,22.7,14.19898514,FALSE,1088467
Holden,134,19163,Other,Maturing New England Town,0.006447845,0.119883467,0.108436551,0.050486548,0.135211688,0.287040349,0.061053153,0.387640449,0.720103209,0.112081086,0.079790049,0.12705756,0.269638335,,0.124681673,6804.780045,4.44,7.3,21.58,0.540123457,9.28,6.158014983,FALSE,5648046
Holland,135,2497,Other,Maturing New England Town,0.001066854,0.264384559,0.053867726,0.251282051,0.036321191,0.179464506,0.219611929,0.404494382,0.517748129,0.087683717,0.168493996,0.047031671,0.219642978,,0.101461972,4445.334401,5.4,7.6,31.5,1.942857143,4.61,1.654194565,FALSE,726232
Holliston,136,14939,Other,Maturing New England Town,0.001736557,0.200436999,0.135779388,0.025514403,0.195803727,0.181268688,0.088309025,0.404494382,0.803736162,0.129464987,0.128147594,0.172913795,0.220637234,,0.131933872,4484.905281,1.53,7.6,27.11,0.78125,11.62,8.917589176,FALSE,4363242
Holyoke,137,40358,Entitlement,Sub-Regional Urban Center,0.090565744,0.713328478,0.678780089,0.106122101,0.127198041,0.512842772,0.375278031,0.707865169,0.612795194,0.526808661,0.511808888,0.420301068,0.570544933,48,0.536667281,11757.27241,29.66,13,62.32,3.32,58.09,5.793045373,TRUE,39318162
Hopedale,138,5966,Other,Maturing New England Town,0.00190009,0.232337946,0.045805095,0.306437768,0.044275634,0.2167521,0,0.488764045,0.807374811,0.108638313,0.148592129,0.046975253,0.286631188,,0.129656868,5263.157895,4.14,9.1,29.3,0,3.92,2.016467821,FALSE,1741259
Hopkinton,139,18269,Other,Country Suburb,0.00306039,0.080990532,0.188011218,0.033936324,0.227776331,0.149486785,0.028158322,0.348314607,0.828807195,0.101161956,0.052831778,0.216824681,0.172162996,,0.095478321,3787.83732,2.3,6.6,18.91,0.24911032,16.09,10.37373385,FALSE,5404311
Hubbardston,140,4787,Other,Rural Town,0.001051279,0.213255645,0.088572096,0,0.089871493,0.10631824,0.069560339,0.342696629,0.684786999,0.064964676,0.135883913,0.093054673,0.145277544,,0.067100644,2841.027784,2.91,6.5,27.99,0.615384615,7.58,4.093063335,FALSE,1412962
Hudson,141,19960,Other,Maturing New England Town,0.008963127,0.38616169,0.140219677,0.077484277,0.37044467,0.299321843,0.206600153,0.460674157,0.533961647,0.256319125,0.251174664,0.266300986,0.316654142,38,0.25813915,7074.148297,5.79,8.6,39.86,1.827744905,12,16.87135092,FALSE,5812194
Hull,142,10463,Other,Mature Suburb,0.003426391,0.41019665,0.066954896,0,0.120274954,0.190744037,0.009180552,0.505617978,0.361365599,0.170729482,0.26296926,0.097636527,0.281586497,,0.184794307,4692.726751,4.22,9.4,41.51,0.081218274,5.73,5.477743668,FALSE,1033417
Huntington,143,2182,Other,Rural Town,0.001378344,0.364457393,0.095232531,0.067878788,0.060720661,0.158574995,0.355457709,0.5,0.516296296,0.143594265,0.232499741,0.081326392,0.260762691,,0.157477802,3987.167736,8.74,9.3,38.37,3.144654088,8.15,2.765432099,FALSE,634648
Ipswich,144,14092,Other,Maturing New England Town,0.007358953,0.4199563,0.073498481,0.1872,0.097140999,0.182558702,0.008088412,0.393258427,0.653667002,0.142063452,0.271699511,0.08898499,0.215156189,,0.149931743,4513.198978,6.84,7.4,42.18,0.071556351,6.29,4.424142148,FALSE,4118044
Kingston,145,13723,Other,Maturing New England Town,0.006268738,0.366351056,0.063098855,0.11634349,0.053821868,0.286767921,0,0.494382022,0.687686832,0.164569957,0.236825304,0.060971759,0.328311734,,0.187343041,6798.804926,6.13,9.2,38.5,0,5.4,2.451236828,FALSE,1367662
Lakeville,146,11418,Other,Maturing New England Town,0.003029241,0.20815732,0.067772844,0.05129771,0.07835545,0.30382361,0.126247499,0.460674157,0.606191335,0.129997441,0.133894348,0.076202909,0.319134992,,0.151815848,7172.884919,3.47,8.6,27.64,1.116883117,5.8,3.568582308,FALSE,1140557
Lancaster,147,8185,Other,Maturing New England Town,0.001720983,0.227530954,0.192685207,0.021116139,0.170622162,0.23469464,0.214172624,0.376404494,0.563444144,0.149003734,0.145412958,0.189457343,0.234599523,,0.151105002,5656.689065,3.29,7.1,28.97,1.894736842,16.49,7.770732314,FALSE,2364788
Lanesborough,148,2965,Other,Rural Town,0.001526301,0.387035688,0.047090442,0.474380165,0.10612562,0.118256447,0.097866278,0.415730337,0.44971875,0.119304192,0.246990159,0.079899034,0.192104172,,0.125991325,3102.866779,6.53,7.8,39.92,0.865800866,4.03,4.833333333,FALSE,860242
Lawrence,149,80376,Entitlement,Major Regional Urban Center,0.145271191,0.855498908,1,0.19372448,0.867489623,1,0.55376889,1,0.738506845,1,0.637338321,0.973857546,1,49,1,22442.02249,23.69,18.2,72.08,4.899068323,85.58,39.50852319,TRUE,58362902
Lee,150,5715,Other,Maturing New England Town,0.002484133,0.44399126,0.125730311,0.011290323,0.287804752,0.186604038,0.048100235,0.505617978,0.675325521,0.229949839,0.283916149,0.215650056,0.279305012,,0.232252006,4601.924759,5.74,9.4,43.83,0.425531915,10.76,13.10763889,FALSE,1657283
Leicester,151,11394,Other,Maturing New England Town,0.005380991,0.41383831,0.103996261,0.175697211,0.131127368,0.35333142,0.064518009,0.443820225,0.528575226,0.206556414,0.266537475,0.122612151,0.337130009,,0.223960949,8258.732666,6.39,8.3,41.76,0.570776256,8.9,5.972000709,FALSE,3318370
Lenox,152,4964,Other,Maturing New England Town,0.00150294,0.495265841,0.098387474,0.170405728,0.256657731,0.164156634,0.182315406,0.629213483,0.408383963,0.251535132,0.315983564,0.185148794,0.335046071,,0.262076364,4109.589041,4.14,11.6,47.35,1.612903226,8.42,11.6890942,FALSE,1446611
Leominster,153,41823,Entitlement,Sub-Regional Urban Center,0.042713079,0.45782957,0.354288385,0.125364848,0.322075794,0.464631167,0.489606577,0.561797753,0.574912366,0.381149496,0.318389809,0.352710051,0.463480952,44,0.389045023,10699.85415,13.28,10.4,44.78,4.331438827,30.32,14.66846244,TRUE,19639026
Leverett,154,1861,Other,Rural Town,0.000926683,0.202767662,0.068357093,0.277586207,0.14505145,0.042934119,0.169130501,0.370786517,0.565998487,0.06242375,0.129117259,0.111288179,0.125827471,,0.060900228,1450.832886,6,7,27.27,1.496259352,5.85,6.606152295,FALSE,537505
Lexington,155,33792,Other,Established Suburb/Cape Cod Town,0.009321341,0.116241806,0.418672587,0.061742393,0.595489203,0.11589247,0.120779047,0.297752809,0.836486335,0.230214047,0.079300262,0.528864579,0.125785943,21,0.189646661,3051.017992,3.61,5.7,21.33,1.068504955,35.83,27.12066906,FALSE,9694403
Leyden,156,724,Other,Rural Town,0.000256979,0.269628551,0.008413181,0,0.034902785,0.027165061,0.062107446,0.252808989,0.46658237,0.00723697,0.17132122,0.022588388,0.052121922,,0.005908873,1104.972376,4.77,4.9,31.86,0.549450549,0.72,1.589595376,FALSE,209209
Lincoln,157,6797,Other,Established Suburb/Cape Cod Town,0.001806643,0.190094683,0.24351484,0.001997147,0.268015423,0.08478271,0.091898822,0.292134831,0.732632694,0.12036876,0.121597948,0.266752543,0.10554589,,0.102049928,2368.69207,3.45,5.6,26.4,0.81300813,20.84,12.20636337,FALSE,2063411
Littleton,158,10241,Other,Maturing New England Town,0.003660009,0.192425346,0.135311989,0.020695652,0.190949868,0.193601313,0.031796217,0.320224719,0.694467162,0.110110205,0.124265714,0.170138869,0.180993912,,0.108781814,4755.394981,4.79,6.1,26.56,0.281293952,11.58,8.696527428,FALSE,2992414
Longmeadow,159,15827,Other,Mature Suburb,0.00306039,0.112163146,0.166043468,0.011827479,0.228586082,0.255642279,0.007918427,0.337078652,0.692991946,0.125529839,0.072707654,0.205791219,0.224471597,,0.126047634,6116.130663,2.6,6.4,21.05,0.070052539,14.21,10.41061276,FALSE,4595273
Lowell,160,111670,Entitlement,Major Regional Urban Center,0.171646614,0.672541879,0.598387474,0.245668352,0.620604848,0.576889271,0.45733723,0.573033708,0.589299679,0.615638536,0.537500797,0.635679501,0.531536502,40,0.600588513,13161.99516,20.72,10.6,59.52,4.045959205,51.21,28.26452373,TRUE,76855324
Ludlow,161,21478,Other,Maturing New England Town,0.01085543,0.400291333,0.143024071,0.080965147,0.30883498,0.369929537,0.10597083,0.505617978,0.518300935,0.273217398,0.261390368,0.23563523,0.380332686,42,0.284423574,8622.776795,6.76,9.4,40.83,0.9375,12.24,14.06542932,FALSE,6212763
Lunenburg,162,11657,Other,Country Suburb,0.005762567,0.305316824,0.141972423,0.041928415,0.154873877,0.227888931,0.066335418,0.43258427,0.697747538,0.164037807,0.197586714,0.154799259,0.261808761,,0.171528657,5507.420434,6.66,8.1,34.31,0.58685446,12.15,7.053500133,FALSE,3433946
Lynn,163,94654,Entitlement,Sub-Regional Urban Center,0.125561656,0.696285506,0.741995793,0.228933336,0.794366913,0.720945051,0.670852855,0.713483146,0.641658299,0.750218389,0.523255808,0.801181649,0.68832266,52,0.73589637,16321.55007,17.32,13.1,61.15,5.934883721,63.5,36.17825822,TRUE,80014327
Lynnfield,164,13041,Other,Established Suburb/Cape Cod Town,0.001853366,0.161835397,0.122224819,0.009375,0.176722687,0.347030838,0.01020637,0.382022472,0.708492255,0.146224317,0.103609421,0.155894995,0.299602134,,0.15885647,8120.542903,1.86,7.2,24.46,0.090293454,10.46,8.048571651,FALSE,3803499
Malden,165,61036,Entitlement,Metro Core Community,0.077623331,0.614129643,0.618485627,0.247252373,0.958440988,0.435441299,0.422567386,0.634831461,0.53654205,0.644863175,0.440306846,0.822334896,0.487642573,42,0.608859075,10059.63694,16.36,11.7,55.51,3.738358241,52.93,43.65076767,TRUE,46768410
Manchester,166,5429,Other,Maturing New England Town,0.001619748,0.249963583,0.03049778,0,0.169686504,0.143908979,0,0.359550562,0.752287011,0.091312848,0.159651611,0.104392,0.175281109,,0.0951507,3665.500092,3.87,6.8,30.51,0,2.61,7.728119181,FALSE,1589985
Mansfield,167,24063,Other,Established Suburb/Cape Cod Town,0.005458864,0.178732702,0.164524422,0.071988042,0.193594407,0.260241909,0.169178134,0.426966292,0.739599554,0.155008997,0.116682151,0.186751626,0.276541981,35,0.162126498,6217.013672,2.96,8,25.62,1.496680748,14.08,8.816968983,FALSE,2414101
Marblehead,168,20634,Other,Mature Suburb,0.00753806,0.235251275,0.098270624,0.017865429,0.244240821,0.239732347,0.041029238,0.398876404,0.719483661,0.153706457,0.154044497,0.178612696,0.249759622,36,0.158292394,5767.180382,4.75,7.5,29.5,0.362976407,8.41,11.12358454,FALSE,6014380
Marion,169,5143,Other,Maturing New England Town,0.001837792,0.246467589,0.148516008,0.110185185,0.087397569,0.309230074,0,0.443820225,0.749908088,0.156808862,0.157561567,0.123024093,0.31282648,,0.173183524,7291.464126,4.77,8.3,30.27,0,12.71,3.980392157,FALSE,511825
Marlborough,170,39825,Other,Sub-Regional Urban Center,0.019273449,0.427676621,0.32180416,0.08563082,0.533524348,0.464949788,0.204188533,0.449438202,0.544537692,0.384245188,0.284218806,0.446036279,0.401737035,38,0.377329023,10706.84244,6.29,8.4,42.71,1.806409841,27.54,24.298572,FALSE,11586058
Marshfield,171,25905,Other,Established Suburb/Cape Cod Town,0.014616673,0.339548434,0.066253798,0.425085675,0.116034444,0.26648697,0.130794853,0.426966292,0.672514464,0.155099103,0.225058466,0.09505958,0.279983532,43,0.169775923,6353.985717,7.29,8,36.66,1.157112527,5.67,5.284615982,FALSE,2561789
Mashpee,172,14180,Other,Established Suburb/Cape Cod Town,0.007016314,0.379169701,0.163122225,0.194819705,0.124570029,0.182246294,0.068400101,0.561797753,0.499924651,0.198760241,0.245475222,0.150025612,0.307863283,,0.210813484,4506.346968,6.44,10.4,39.38,0.605120248,13.96,5.6733565,FALSE,1403770
Mattapoisett,173,6379,Other,Maturing New England Town,0.001892302,0.157028405,0.066838046,0.14,0.077097275,0.247674301,0.237969582,0.466292135,0.520316969,0.105616553,0.100569275,0.075059319,0.291288005,,0.125121273,5941.370121,3.86,8.7,24.13,2.105263158,5.72,3.511280585,FALSE,631494
Maynard,174,10667,Other,Mature Suburb,0.004267414,0.334158776,0.105865857,0.291666667,0.225370217,0.204176732,0.036171376,0.365168539,0.522532429,0.157212526,0.215023224,0.17273282,0.211589654,,0.157537451,4987.344145,5.19,6.9,36.29,0.32,9.06,10.26415094,FALSE,3316907
Medfield,175,12904,Other,Established Suburb/Cape Cod Town,0.003239497,0.102840495,0.101075018,0.064732548,0.181712121,0.150976944,0.096142024,0.359550562,0.872894278,0.078347381,0.066877667,0.147467694,0.179176149,,0.079794953,3820.520769,3.27,6.8,20.41,0.85054678,8.65,8.27580797,FALSE,1278083
Medford,176,57765,Entitlement,Streetcar Suburb,0.039824008,0.404224326,0.333372283,0.140475613,0.470450664,0.34065083,0.233199471,0.438202247,0.351633497,0.340136676,0.28236864,0.419177185,0.327045968,33,0.328047897,7980.611097,9.23,8.2,41.1,2.063063063,28.53,21.42597497,TRUE,50378974
Medway,177,13427,Other,Maturing New England Town,0.005824865,0.14420976,0.099672821,0.060707965,0.141914929,0.197503999,0.046637904,0.404494382,0.770259174,0.100228636,0.094903447,0.125983058,0.229584247,,0.108560323,4840.992031,5.69,7.6,23.25,0.412595005,8.53,6.463304138,FALSE,1329778
Melrose,178,28193,Other,Streetcar Suburb,0.008900829,0.299635834,0.164641271,0.064310954,0.268332399,0.259795131,0.148992379,0.393258427,0.524011017,0.193335931,0.195965453,0.225786891,0.257719917,33,0.193669263,6207.214557,4.1,7.4,33.92,1.318101933,14.09,12.22079954,FALSE,8197464
Mendon,179,6183,Other,Country Suburb,0.000451661,0.105025492,0.092661837,0.002910603,0.089014965,0.16334852,0.112473186,0.471910112,0.827913851,0.083692626,0.066493292,0.094740727,0.247913426,,0.097300185,4091.864791,0.96,8.8,20.56,0.995024876,7.93,4.054054054,FALSE,1820846
Merrimac,180,6975,Other,Maturing New England Town,0.003013667,0.378441369,0.064384202,0.074270557,0.064211214,0.202302485,0.042816497,0.398876404,0.667134267,0.127539785,0.242458716,0.067059873,0.229132639,,0.139357003,4946.236559,5.69,7.5,39.33,0.378787879,5.51,2.924404153,FALSE,2036492
Methuen,181,50698,Other,Sub-Regional Urban Center,0.035797999,0.403641661,0.437368544,0.140059823,0.432915849,0.568627376,0.214439391,0.584269663,0.636129521,0.441360919,0.279430116,0.453835466,0.533175458,43,0.44741642,12980.7882,9.26,10.8,41.06,1.897096867,37.43,19.71650773,FALSE,14836544
Middleborough,182,25121,Other,Country Suburb,0.012319433,0.259577567,0.093713484,0.107527976,0.07132337,0.296037341,0.108442685,0.52247191,0.551191083,0.161029205,0.172603748,0.086063335,0.348899835,40,0.184455125,7002.109789,6.59,9.7,31.17,0.959367946,8.02,3.24831667,FALSE,2512066
Middlefield,183,530,Other,Rural Town,0.000233618,0.251857247,0.011918673,0,0.011174058,0.028400791,0.030550149,0.258426966,0.22495229,0,0.159975218,0.012042386,0.055898888,,0.000227264,1132.075472,7.63,5,30.64,0.27027027,1.02,0.508905852,FALSE,156248
Middleton,184,10050,Other,Maturing New England Town,0.002569793,0.231172615,0.129118953,0,0.14325168,0.544324706,0,0.460674157,0.578586768,0.220400792,0.148276114,0.1420357,0.4516712,,0.249512249,12447.76119,3.8,8.6,29.22,0,11.05,6.524184477,FALSE,2958180
Milford,185,29105,Other,Sub-Regional Urban Center,0.019834132,0.414129643,0.268286983,0.18892587,0.351065286,0.382201817,0.101043066,0.460674157,0.594273203,0.309824365,0.275938654,0.322979509,0.362327936,37,0.310644159,8891.942965,8.9,8.6,41.78,0.893905192,22.96,15.9887457,FALSE,8514935
Millbury,186,13866,Other,Maturing New England Town,0.005544524,0.381354698,0.109838747,0.036065574,0.178330348,0.333551178,0.145990836,0.438202247,0.572473404,0.205471286,0.245929966,0.150274275,0.323133466,,0.219079891,7824.895428,5.3,8.2,39.53,1.291547958,9.4,8.121790169,FALSE,4080884
Millis,187,8270,Other,Maturing New England Town,0.001339407,0.291915513,0.103528862,0,0.17266863,0.194554444,0.055139293,0.466292135,0.654684071,0.155190222,0.186221707,0.144031328,0.262014524,,0.163887041,4776.299879,2.11,8.7,33.39,0.487804878,8.86,7.863935625,FALSE,819828
Millville,188,3265,Other,Country Suburb,0.00155745,0.368973052,0.041832204,0.181034483,0.052149627,0.222558341,0,0.488764045,0.755234038,0.14254249,0.235493157,0.049009598,0.289830913,,0.162477473,5390.50536,6.18,9.1,38.68,0,3.58,2.375077113,FALSE,952996
Milton,189,27616,Other,Established Suburb/Cape Cod Town,0.008861893,0.240203933,0.322037859,0.104659121,0.32049865,0.31375201,0.050377962,0.415730337,0.692399249,0.245938747,0.158046432,0.335069615,0.299838569,33,0.240778041,7390.643105,4.41,7.8,29.84,0.445682451,27.56,14.59663378,FALSE,2722203
Monroe,190,112,Other,Rural Town,0.000147958,1,0,0,0.120642993,0.078556927,0.206054391,0.185393258,0.802541209,0.191054884,0.63694164,0.062912847,0.043291433,,0.178423848,2232.142857,20.88,3.7,82,1.822916667,0,5.494505495,FALSE,33649
Monson,191,8865,Other,Country Suburb,0.003675583,0.298033503,0.053400327,0.187593052,0.049840029,0.19999638,0.082387428,0.393258427,0.566245318,0.101293019,0.191612142,0.053837729,0.224765807,,0.114630293,4895.657078,5.44,7.4,33.81,0.728862974,4.57,2.26988991,FALSE,2571071
Montague,192,8316,Other,Maturing New England Town,0.007008527,0.53605244,0.137415284,0.304285714,0.159658712,0.105079233,0.139358899,0.561797753,0.528550216,0.219448697,0.345499785,0.154917997,0.265337782,,0.225214395,2813.852814,10.98,10.4,50.15,1.232876712,11.76,7.271418287,FALSE,2402826
Monterey,193,929,Other,Rural Town,0.000599618,0.501675164,0.037275064,0.408333333,0.040823154,0.055310488,0.080025169,0.320224719,0.342006972,0.091471002,0.319494229,0.040726619,0.104784108,,0.091800443,1722.282024,10.23,6.1,47.79,0.707964602,3.19,1.859229748,FALSE,270362
Montgomery,194,870,Other,Rural Town,0.00017132,0.19388201,0.036690816,0,0.11918771,0.071117069,0.031841,0.353932584,0.398748492,0.049456078,0.12297008,0.081287455,0.132070707,,0.05152234,2068.965517,2.65,6.7,26.66,0.281690141,3.14,5.428226779,FALSE,253391
Mount Washington,195,158,Other,Rural Town,0.000140171,0.297159505,0.092661837,0.107692308,0.066942149,0.149925899,0.054474965,0.314606742,0,0.083465912,0.188800671,0.083230206,0.153829133,,0.086680505,3797.468354,10.98,6,33.75,0.481927711,7.93,3.048780488,FALSE,45938
Nahant,196,3524,Other,Mature Suburb,0.000856598,0.467297888,0.056204721,0.008333333,0.175279254,0.260128621,0,0.449438202,0.475107296,0.196735965,0.29773889,0.120714146,0.28886345,,0.208871052,6214.528944,3.19,8.4,45.43,0,4.81,7.982832618,FALSE,1027902
Nantucket,197,11327,Other,Maturing New England Town,0.007374528,0.308230153,0.1741061,0.242079807,0.22212178,0.454579188,0.424435969,0.578651685,0.566122984,0.27472918,0.20047207,0.206624715,0.467229398,,0.298575028,10479.38554,8.61,10.7,34.51,3.754889179,14.9,10.11620575,FALSE,1124575
Natick,198,36229,Other,Mature Suburb,0.007927423,0.267006555,0.24363169,0.072028716,0.401315241,0.195887724,0.076402543,0.370786517,0.653319257,0.214698206,0.174540146,0.3363266,0.210117693,28,0.199870662,4805.542521,2.85,7,31.68,0.675916044,20.85,18.2773051,FALSE,10548208
Needham,199,31248,Other,Mature Suburb,0.006019546,0.09410051,0.199345642,0.084630053,0.297618237,0.195649028,0.048745566,0.314606742,0.82965471,0.12663653,0.06307757,0.259156473,0.179026399,31,0.11749273,4800.30722,2.59,6,19.81,0.431241016,17.06,13.55457947,FALSE,3096600
New Ashford,200,225,Other,Rural Town,0.000186894,0.271667881,0.090909091,0.103703704,0.107570438,0.027444948,0.042654925,0.365168539,0.49846902,0.06988367,0.172576825,0.103503005,0.114195668,,0.067282168,1111.111111,7,6.9,32,0.377358491,7.78,4.899135447,FALSE,65250
New Bedford,201,95315,Entitlement,Major Regional Urban Center,0.153541253,0.581937363,0.444379528,0.374440206,0.439592947,0.577350604,0.184024758,0.741573034,0.605191501,0.551840761,0.468186621,0.46097352,0.624669993,49,0.564061661,13172.11352,21.11,13.6,53.3,1.628025478,38.03,20.0206062,TRUE,68823343
New Braintree,202,1029,Other,Rural Town,0.000895534,0.16780772,0.014372517,0.2625,0.037215296,0.091988014,0.056166734,0.449438202,0.69590235,0.046375851,0.106806695,0.026901987,0.196203921,,0.060503838,2526.724976,8.87,8.4,24.87,0.49689441,1.23,1.694915254,FALSE,299622
New Marlborough,203,1458,Other,Rural Town,0.000373788,0.310706482,0.041014256,0,0.076983471,0.045582358,0,0.359550562,0.45703125,0.063210373,0.197587274,0.061533395,0.121094922,,0.064967627,1508.916324,3.72,6.8,34.68,0,3.51,3.506097561,FALSE,426610
New Salem,204,1020,Other,Rural Town,0.000436086,0.349745084,0.075601776,0,0.055104502,0.025954958,0.169130501,0.292134831,0.452642375,0.055028383,0.222518281,0.068160644,0.073126881,,0.050824034,1078.431373,5.41,5.6,37.36,1.496259352,6.47,2.50965251,FALSE,298744
Newbury,205,7144,Other,Country Suburb,0.003722307,0.278514202,0.06975929,0.07,0.089002305,0.154845768,0,0.398876404,0.632515823,0.100483968,0.179196291,0.082790916,0.202980021,,0.10897852,3905.37514,6.86,7.5,32.47,0,5.97,4.053477457,FALSE,2091500
Newburyport,206,18202,Other,Sub-Regional Urban Center,0.00722657,0.321340131,0.096517878,0.237415882,0.175021532,0.207734558,0,0.370786517,0.600812952,0.143190959,0.208736745,0.141602234,0.216646289,,0.147091957,5065.377431,5.24,7,35.41,0,8.26,7.971095053,FALSE,5351350
Newton,207,88904,Entitlement,Streetcar Suburb,0.026990616,0.185433358,0.306029446,0.066382429,0.488918998,0.165203394,0.11230393,0.325842697,0.664830885,0.217453123,0.134683331,0.414549313,0.16844026,28,0.19141463,4132.547467,4.27,6.2,26.08,0.993527508,26.19,22.26708775,TRUE,65291040
Norfolk,208,11988,Other,Maturing New England Town,0.001425067,0.089439184,0.205188128,0.00407174,0.157182992,0.318319634,0,0.382022472,0.637353166,0.137373898,0.057176004,0.188969109,0.28377986,,0.14586873,7490.824157,1.94,7.2,19.49,0,17.56,7.158665305,FALSE,1184163
North Adams,209,12904,Other,Sub-Regional Urban Center,0.016345443,0.752221413,0.132974994,0.410879785,0.085888889,0.109637342,0.066884942,0.573033708,0.505393365,0.257321534,0.489283913,0.114133027,0.274041631,,0.265850174,2913.82517,17.54,10.6,64.99,0.591715976,11.38,3.911681565,FALSE,3724790
North Andover,210,31296,Other,Maturing New England Town,0.010863217,0.196941005,0.207875672,0.073061374,0.263650829,0.350176898,0.108837532,0.398876404,0.683202091,0.201189666,0.131737745,0.245891402,0.310623802,35,0.206005708,8189.54499,4.75,7.5,26.87,0.962861073,17.79,12.00758443,FALSE,9125590
North Attleborough,211,29349,Other,Maturing New England Town,0.018502511,0.236562272,0.166627717,0.209005538,0.206931158,0.264027581,0.215922734,0.494382022,0.77902077,0.191587163,0.161871409,0.194803294,0.315779906,,0.201376722,6300.044295,8.2,9.2,29.59,1.910219675,14.26,9.42437148,FALSE,2896922
North Brookfield,212,4808,Other,Maturing New England Town,0.002305027,0.43379461,0.024538444,0.182,0.040558736,0.199633003,0.123874577,0.443820225,0.457474024,0.135300763,0.277300495,0.033946844,0.252429333,,0.152198061,4887.687188,6.22,8.3,43.13,1.095890411,2.1,1.847187238,FALSE,1402136
North Reading,213,15710,Other,Established Suburb/Cape Cod Town,0.003519838,0.149308084,0.118836177,0.019358894,0.176167153,0.323599194,0.094371054,0.404494382,0.632761555,0.142563416,0.096684473,0.153838188,0.29907324,,0.155433793,7606.619987,2.91,7.6,23.6,0.834879406,10.17,8.023270681,FALSE,4642089
Northampton,214,28726,Entitlement,Sub-Regional Urban Center,0.031647393,0.433357611,0.215938303,0.189655172,0.170088546,0.145186422,0.077612439,0.393258427,0.506570945,0.192154581,0.295730759,0.201305087,0.194560938,35,0.186857249,3693.518067,16.22,7.4,43.1,0.686619718,18.48,7.746429572,TRUE,22527151
Northborough,215,15101,Other,Maturing New England Town,0.002476346,0.184705025,0.190815611,0.065222722,0.277228501,0.304977763,0.066296511,0.398876404,0.707701451,0.185095756,0.118588472,0.244075408,0.2857153,,0.187683438,7198.198795,2.15,7.5,26.03,0.586510264,16.33,12.62595929,FALSE,4420884
Northbridge,216,16732,Other,Maturing New England Town,0.009290192,0.377421704,0.142907221,0.041584158,0.11575214,0.252549205,0.055636859,0.466292135,0.569513376,0.186287733,0.245810527,0.134885553,0.293974484,,0.198335119,6048.2907,7.34,8.7,39.26,0.492206727,12.23,5.271758867,FALSE,4880265
Northfield,217,2992,Other,Rural Town,0.000817661,0.235979607,0.054218275,0.020143885,0.131874023,0.046882545,0,0.365168539,0.564314314,0.063379832,0.150223914,0.097043318,0.124907409,,0.062819605,1537.433155,3.54,6.9,29.55,0,4.64,6.006006006,FALSE,865509
Norton,218,19948,Other,Maturing New England Town,0.008612701,0.199854334,0.100958168,0.118867925,0.113844613,0.261574455,0,0.471910112,0.554616673,0.138111641,0.132160359,0.112015246,0.302044127,39,0.154771769,6246.240225,6.25,8.8,27.07,0,8.64,5.184883366,FALSE,1967981
Norwell,219,11115,Other,Country Suburb,0.002756687,0.203787327,0.058541715,0.061090909,0.079738353,0.213470502,0.062192876,0.41011236,0.83018283,0.094373468,0.130934228,0.072110221,0.2414791,,0.108560401,5191.183086,3.28,7.7,27.34,0.550206327,5.01,3.631564576,FALSE,1100305
Norwood,220,29327,Other,Sub-Regional Urban Center,0.018035276,0.354697742,0.249941575,0.155356285,0.412281658,0.37446889,0.34632169,0.488764045,0.567986756,0.310288149,0.236897497,0.345335837,0.373546323,36,0.310694143,8722.337777,8.04,9.1,37.7,3.063829787,21.39,18.77675422,FALSE,2932536
Oak Bluffs,221,4678,Other,Maturing New England Town,0.003800179,0.418936635,0.141621874,0.133098592,0.176649559,0.202901942,0.061100298,0.460674157,0.621758963,0.195662888,0.268780266,0.165972027,0.263518717,,0.201266709,4959.384352,10.51,8.6,42.11,0.540540541,12.12,8.045241144,FALSE,460425
Oakham,222,1963,Other,Rural Town,0.00048281,0.272978878,0.059009114,0.120430108,0.054892562,0.155629631,0,0.421348315,0.570295516,0.093429343,0.173601404,0.059397389,0.215795896,,0.105559517,3922.567499,3.38,7.9,32.09,0,5.05,2.5,FALSE,572617
Orange,223,7664,Other,Maturing New England Town,0.006229802,0.695120175,0.045805095,0.079069767,0.06145223,0.120752851,0.207404682,0.494382022,0.537884828,0.200111733,0.446425962,0.055932496,0.236823552,,0.210917837,3157.620042,10.48,9.2,61.07,1.834862385,3.92,2.798750325,FALSE,2218489
Orleans,224,5798,Other,Established Suburb/Cape Cod Town,0.003013667,0.47574654,0.079691517,0.010579345,0.155407906,0.174163992,0,0.494382022,0.429871371,0.190512535,0.304501172,0.122599528,0.266257556,,0.200026037,4329.078993,6.71,9.2,46.01,0,6.82,7.07782168,FALSE,571018
Otis,225,1548,Other,Rural Town,0.001082428,0.392571012,0.044402898,0.414814815,0.063397043,0.115215755,0.374947195,0.426966292,0.292341549,0.111843079,0.250236504,0.056215459,0.196620447,,0.12120739,3036.175711,9.82,8,40.3,3.317073171,3.8,2.887323944,FALSE,450310
Oxford,226,14041,Other,Maturing New England Town,0.009017638,0.382957028,0.126314559,0.38739217,0.126917398,0.275201391,0,0.443820225,0.632906627,0.186291365,0.249166106,0.132055273,0.294073832,,0.198571227,6545.117869,8.38,8.3,39.64,0,10.81,5.780263913,FALSE,4099025
Palmer,227,12309,Other,Maturing New England Town,0.011782113,0.559504734,0.13905118,0.067215364,0.109328097,0.249406614,0.257964952,0.556179775,0.513294833,0.246906604,0.363496803,0.1295247,0.341778258,,0.262772246,5979.364693,12.49,10.3,51.76,2.282157676,11.9,4.979185373,FALSE,3579076
Paxton,228,4963,Other,Country Suburb,0.000942258,0.135615441,0.136480486,0.086115993,0.223177151,0.329555358,0.113035552,0.376404494,0.528022331,0.148659292,0.086310465,0.187554083,0.286875708,,0.157200469,7737.255692,2.77,7.1,22.66,1,11.68,10.16427105,FALSE,1452171
Peabody,229,53278,Entitlement,Sub-Regional Urban Center,0.040665031,0.530517116,0.191049311,0.206411295,0.332771555,0.489733603,0.107753025,0.539325843,0.464754564,0.362740597,0.363430046,0.273161841,0.464930592,41,0.377723682,11250.42231,9.98,10,49.77,0.953266682,16.35,15.15558498,TRUE,21337747
Pelham,230,1322,Other,Rural Town,0.000467235,0.183976693,0.110072447,0.091056911,0.089105843,0.038864448,0.211281405,0.353932584,0.479732963,0.049789952,0.116843059,0.103867394,0.114296817,,0.047948113,1361.573374,4.59,6.7,25.98,1.869158879,9.42,4.058192956,FALSE,384183
Pembroke,231,18448,Other,Established Suburb/Cape Cod Town,0.004205116,0.241806264,0.06975929,0.011538462,0.075813154,0.250624258,0.044962431,0.483146067,0.668414349,0.130819857,0.156098896,0.075913044,0.302201604,,0.15059546,6006.071119,2.96,9,29.95,0.397772474,5.97,3.452797203,FALSE,1826016
Pepperell,232,12161,Other,Country Suburb,0.003979286,0.289439184,0.111591493,0.008492201,0.096492429,0.143623492,0.091898822,0.365168539,0.658492303,0.104100607,0.186325987,0.108511499,0.178219757,,0.107476367,3659.238549,4.24,6.9,33.22,0.81300813,9.55,4.394603989,FALSE,3544549
Peru,233,837,Other,Rural Town,0.000459448,0.360378733,0.045571395,0,0.055396163,0.031258041,0,0.365168539,0.414349197,0.06878864,0.229313265,0.052652512,0.116297001,,0.070446738,1194.74313,6.79,6.9,38.09,0,3.9,2.52293578,FALSE,244028
Petersham,234,1253,Other,Rural Town,0.000490597,0.382228696,0.055269923,0.373333333,0.100355196,0.104141976,0.205519185,0.365168539,0.417996454,0.103487662,0.243264815,0.081155309,0.156462142,,0.106407107,2793.296089,5.11,6.9,39.59,1.818181818,4.73,4.570527975,FALSE,365749
Phillipston,235,1751,Other,Rural Town,0.000755363,0.195630007,0.072797383,0,0.051602878,0.164263642,0.205519185,0.421348315,0.598468713,0.079973612,0.124457006,0.064872185,0.220553958,,0.092767928,4111.936037,5.72,7.9,26.78,1.818181818,6.23,2.350176263,FALSE,510879
Pittsfield,236,42533,Entitlement,Sub-Regional Urban Center,0.04792275,0.613546977,0.188128067,0.362013268,0.154563013,0.215618079,0.105574556,0.612359551,0.522849267,0.294949798,0.420998037,0.178706372,0.354117703,46,0.306607328,5238.285567,14.57,11.3,55.47,0.93399426,16.1,7.039342283,TRUE,41620096
Plainfield,237,664,Other,Rural Town,0.000420512,0.434814275,0.097803225,0.296153846,0.116679842,0.086649612,0.030550149,0.325842697,0.482789855,0.116156516,0.27674906,0.111848522,0.12515056,,0.112433092,2409.638554,8.7,6.2,43.2,0.27027027,8.37,5.314009662,FALSE,193408
Plainville,238,9230,Other,Maturing New England Town,0.003605498,0.276037873,0.079107268,0,0.12273513,0.227723497,0.04994207,0.483146067,0.64118893,0.146378919,0.177542888,0.105256672,0.28958137,,0.161750048,5503.791983,5.09,9,32.3,0.441826215,6.77,5.589788732,FALSE,916806
Plymouth,239,60803,Entitlement,Maturing New England Town,0.029435814,0.392716679,0.098621173,0.177271819,0.138556742,0.291876161,0.078507671,0.511235955,0.557732783,0.209098755,0.268407698,0.12368342,0.340414726,44,0.22671607,6910.843215,6.58,9.5,40.31,0.694539639,8.44,6.31036052,TRUE,9652903
Plympton,240,2985,Other,Country Suburb,0.000981194,0.144792425,0.057490068,0.096551724,0.079030378,0.181460498,0,0.47752809,0.460727929,0.088074646,0.0921866,0.071192613,0.260990615,,0.104919631,4489.112228,4.28,8.9,23.29,0,4.92,3.599320883,FALSE,294684
Princeton,241,3478,Other,Rural Town,0.001354982,0.155134741,0.09125964,0.026022305,0.094383958,0.144582668,0.036909568,0.382022472,0.645276648,0.071228383,0.099019263,0.09680933,0.188036269,,0.077964902,3680.276021,5.05,7.2,24,0.326530612,7.81,4.298576823,FALSE,1020587
Provincetown,242,2960,Other,Sub-Regional Urban Center,0.002530857,0.685360524,0.12164057,0.054545455,0.207701586,0.076906576,0.125595057,0.949438202,0.099989443,0.344050514,0.437844668,0.171745181,0.463434584,,0.367483393,2195.945946,11.02,17.3,60.4,1.111111111,10.41,9.459459459,FALSE,292119
Quincy,243,94580,Entitlement,Sub-Regional Urban Center,0.078635673,0.479388201,0.485043234,0.175197092,0.714318908,0.288922283,0.320080588,0.623595506,0.381103845,0.489496256,0.355040239,0.625442765,0.400706398,39,0.46440318,6846.056249,10.83,11.5,46.26,2.831680683,41.51,32.53259103,TRUE,46321166
Randolph,244,34398,Other,Mature Suburb,0.02819764,0.514785142,0.773194672,0.134286733,0.706334782,0.453823795,0.16936923,0.679775281,0.519955452,0.602403702,0.345449934,0.771544273,0.522540667,50,0.57619063,10462.81761,10.81,12.5,48.69,1.498371336,66.17,32.16896592,FALSE,3390002
Raynham,245,14313,Other,Maturing New England Town,0.005334268,0.290604516,0.100257069,0.104825291,0.140738103,0.41351382,0.154680228,0.550561798,0.635686563,0.218054822,0.187932957,0.125674041,0.429119071,,0.245824193,9578.704674,4.95,10.2,33.3,1.368421053,8.58,6.409707352,FALSE,1427546
Reading,246,25337,Other,Mature Suburb,0.0062921,0.187618354,0.104931059,0.060221729,0.192364532,0.297094621,0.035040417,0.382022472,0.67028262,0.141262587,0.122878982,0.155033555,0.272083104,31,0.15084856,7025.29897,3.24,7.2,26.23,0.309994655,8.98,8.760956175,FALSE,7432024
Rehoboth,247,12265,Other,Country Suburb,0.002133707,0.1197378,0.092895536,0,0.157926292,0.287186712,0.028652865,0.41011236,0.654729143,0.117963715,0.076946447,0.13079844,0.282102894,,0.131542408,6807.990216,2.29,7.7,21.57,0.253485425,7.95,7.192517795,FALSE,1221849
Revere,248,53821,Entitlement,Metro Core Community,0.054822256,0.660597232,0.531899977,0.084237095,0.849946722,0.790459195,0.52789027,0.775280899,0.525999588,0.720115205,0.455396781,0.720604719,0.760686491,50,0.721929106,17846.19386,13.11,14.2,58.7,4.670126019,45.52,38.70955787,TRUE,30541060
Richmond,249,1422,Other,Rural Town,0.000669704,0.159359068,0.049193737,0.229850746,0.080094807,0.089006054,0.042654925,0.308988764,0.365035377,0.029097435,0.101275785,0.067421325,0.117161231,,0.031240455,2461.322082,5.41,5.9,24.29,0.377358491,4.21,3.647798742,FALSE,414321
Rochester,250,5628,Other,Country Suburb,0.00235175,0.129643117,0.060645011,0.151219512,0.101303444,0.302454533,0.061100298,0.421348315,0.776817215,0.105831057,0.083401172,0.084452798,0.29670869,,0.125246065,7142.857143,5.46,7.9,22.25,0.540540541,5.19,4.613714492,FALSE,561054
Rockland,251,17960,Other,Maturing New England Town,0.009858661,0.464093227,0.102126665,0.218135377,0.11855739,0.382203605,0.058481069,0.56741573,0.58636021,0.251319439,0.301435354,0.11508221,0.421152451,,0.277673389,8891.982183,7.16,10.5,45.21,0.51736881,8.74,5.399519795,FALSE,1774419
Rockport,252,7295,Other,Maturing New England Town,0.004127244,0.487254188,0.042182753,0.403846154,0.065152569,0.129910101,0.013976575,0.471910112,0.501520903,0.148278864,0.312548553,0.05597317,0.229486062,,0.160202138,3358.464702,7.42,8.8,46.8,0.123647604,3.61,2.967276761,FALSE,2130709
Rowe,253,394,Other,Rural Town,0.000124596,0.39592134,0.045571395,0,0.037487603,0.057789313,0.206054391,0.595505618,0.50625,0.132456018,0.251761976,0.043313565,0.257852934,,0.149384176,1776.649746,3.93,11,40.53,1.822916667,3.9,1.707317073,FALSE,113821
Rowley,254,6358,Other,Country Suburb,0.002071409,0.261471231,0.054335125,0.004778157,0.100406846,0.226338695,0,0.43258427,0.643880002,0.119639226,0.167276949,0.080694765,0.260954451,,0.134520078,5473.419314,4.28,8.1,31.3,0,4.65,4.572880279,FALSE,1893996
Royalston,255,1276,Other,Rural Town,0.000451661,0.451565914,0.011100724,0,0.058678256,0.180456179,0.311190992,0.370786517,0.566621767,0.118671255,0.287449883,0.036388307,0.201613622,,0.129917535,4467.084639,5,7,44.35,2.753036437,0.95,2.672413793,FALSE,373649
Russell,256,1802,Other,Rural Town,0.000918896,0.257538237,0.063332554,0.305128205,0.03359211,0.24498349,0.031841,0.331460674,0.561326495,0.085878606,0.164034395,0.050544225,0.215501737,,0.098955333,5882.352941,8.27,6.3,31.03,0.281690141,5.42,1.529902643,FALSE,524338
Rutland,257,8846,Other,Maturing New England Town,0.001393918,0.16212673,0.066253798,0,0.149090909,0.253563649,0,0.404494382,0.749858054,0.110284404,0.103502229,0.112297849,0.2604778,,0.123005073,6070.540357,2.09,7.6,24.48,0,5.67,6.790123457,FALSE,2615253
Salem,258,43559,Entitlement,Sub-Regional Urban Center,0.048646965,0.539548434,0.341668614,0.286944159,0.346529739,0.413054527,0.236455111,0.578651685,0.453062214,0.396189087,0.374277814,0.35888133,0.444345838,41,0.400724596,9568.631052,15.06,10.7,50.39,2.09186497,29.24,15.78218096,TRUE,35776807
Salisbury,259,9489,Other,Maturing New England Town,0.005209672,0.488565186,0.090909091,0.136871508,0.104193939,0.252586537,0.201849199,0.488764045,0.488346998,0.201617984,0.314074618,0.10174223,0.306378958,,0.217147399,6049.109495,7.28,9.1,46.89,1.785714286,7.78,4.745357802,FALSE,2789643
Sandisfield,260,895,Other,Rural Town,0.000381575,0.416897305,0.063683104,0,0.072286501,0.124519046,0.374947195,0.320224719,0.521990741,0.101243788,0.265300249,0.070905361,0.142923809,,0.103423187,3240.223464,5.37,6.1,41.97,3.317073171,5.45,3.29218107,FALSE,260706
Sandwich,261,20226,Other,Established Suburb/Cape Cod Town,0.006151929,0.259577567,0.071512036,0.031485944,0.086459428,0.183947381,0.075892171,0.47752809,0.593133972,0.12148976,0.168671305,0.082378879,0.262361096,47,0.136336771,4543.65668,3.94,8.9,31.17,0.671400904,6.12,3.937665913,FALSE,1989784
Saugus,262,28385,Other,Mature Suburb,0.020706304,0.355280408,0.182986679,0.10984127,0.276743664,0.558412087,0.172255372,0.584269663,0.517223125,0.328914482,0.238972074,0.239739948,0.52754598,36,0.355329685,12756.73771,9.53,10.8,37.74,1.523904382,15.66,12.60387812,FALSE,8298411
Savoy,263,683,Other,Rural Town,0.000334852,0.56212673,0.13484459,0.269879518,0.054968908,0.063566844,0.356017485,0.483146067,0.577364395,0.171141229,0.357869752,0.098983847,0.199117332,,0.175180813,1903.367496,6.13,9,51.94,3.149606299,11.54,2.503477051,FALSE,197505
Scituate,264,18834,Other,Established Suburb/Cape Cod Town,0.006253164,0.240495266,0.064267352,0.027370479,0.13688447,0.229760814,0.006693445,0.415730337,0.692003187,0.123397446,0.156568844,0.104896551,0.253552399,,0.13535713,5548.47616,4.36,7.8,29.86,0.059215396,5.5,6.234199344,FALSE,1866958
Seekonk,265,15702,Other,Maturing New England Town,0.005645758,0.232046613,0.054568824,0.183380282,0.146524524,0.308676719,0.101195659,0.443820225,0.62697855,0.146129823,0.150794638,0.104866058,0.312521536,,0.16429607,7279.327474,4.78,8.3,29.28,0.895255148,4.67,6.673241289,FALSE,1555798
Sharon,266,18943,Other,Established Suburb/Cape Cod Town,0.002733326,0.150036417,0.303575602,0.046861925,0.514438771,0.173187413,0.054871627,0.320224719,0.817005774,0.209506005,0.096647377,0.426577722,0.169744147,,0.182993099,4307.659822,1.92,6.1,23.65,0.485436893,25.98,23.42934783,FALSE,1864097
Sheffield,267,3152,Other,Rural Town,0.002016898,0.452294246,0.015424165,0,0.06649446,0.099737826,0,0.353932584,0.454702287,0.099364642,0.288912279,0.042718883,0.147843137,,0.104405177,2696.700508,8.17,6.7,44.4,0,1.32,3.028391167,FALSE,915543
Shelburne,268,1861,Other,Rural Town,0.001720983,0.41587764,0.047207291,0.147368421,0.072334513,0.045384076,0,0.45505618,0.359458023,0.110437042,0.265504119,0.0623386,0.173617231,,0.116615595,1504.567437,11.89,8.5,41.9,0,4.04,3.294367694,FALSE,537505
Sherborn,269,4341,Other,Country Suburb,0.00110579,0.084777859,0.140219677,0,0.214414099,0.128029056,0,0.292134831,0.888325389,0.069357346,0.054000337,0.184934243,0.129378241,,0.062250132,3317.208017,3.3,5.6,19.17,0,12,9.76517089,FALSE,1268418
Shirley,270,7649,Other,Maturing New England Town,0.003044816,0.352658412,0.319934564,0.048461538,0.184949932,0.445895464,0.027167343,0.494382022,0.379417281,0.287687507,0.226039183,0.263286913,0.416004312,,0.300462886,10288.92666,6.41,9.2,37.56,0.240343348,27.38,8.423269281,FALSE,2234289
Shrewsbury,271,37973,Other,Maturing New England Town,0.012405093,0.217479971,0.358261276,0.08358577,0.509071933,0.28848368,0.280181073,0.376404494,0.720657721,0.27868692,0.145816644,0.452296484,0.26424178,34,0.258846065,6836.436415,4.32,7.1,28.28,2.478698683,30.66,23.18492318,FALSE,11272684
Shutesbury,272,1774,Other,Rural Town,0.001370556,0.274726875,0.129703202,0.161,0.120696583,0.051318385,0.169130501,0.331460674,0.58691352,0.080642102,0.175281972,0.130578353,0.108776076,,0.074863144,1634.723788,9.82,6.3,32.21,1.496259352,11.1,5.496946141,FALSE,513219
Somerset,273,18181,Other,Sub-Regional Urban Center,0.006774909,0.283321194,0.032834774,0.010958904,0.18535699,0.43144327,0.032598573,0.52247191,0.56536291,0.209043143,0.184207623,0.113782531,0.423519821,,0.237415266,9971.948738,4.86,9.7,32.8,0.288392213,2.81,8.441808096,FALSE,1788526
Somerville,274,81562,Entitlement,Metro Core Community,0.072335786,0.413692644,0.355223183,0.191091296,0.526691245,0.248574285,0.231750929,0.359550562,0.275256732,0.328373152,0.309135442,0.459900291,0.232960442,28,0.30226396,5961.10934,11.95,6.8,41.75,2.050248139,30.4,23.98736853,TRUE,79060983
South Hadley,275,17806,Other,Maturing New England Town,0.011314878,0.41427531,0.175625146,0.079730236,0.151917939,0.205701174,0.091627934,0.41011236,0.358992358,0.187387114,0.270599596,0.170807003,0.237197551,,0.189772422,5020.779513,9.5,7.7,41.79,0.810611643,15.03,6.918876316,FALSE,5157064
Southampton,276,6196,Other,Country Suburb,0.001650897,0.297887837,0.038677261,0.068965517,0.187385684,0.23359935,0,0.387640449,0.580318607,0.13580966,0.19022831,0.11788719,0.240187877,,0.144672087,5632.666236,3.46,7.3,33.8,0,3.31,8.534201954,FALSE,1805631
Southborough,277,10169,Other,Established Suburb/Cape Cod Town,0.002857922,0.073998543,0.226337929,0.07893388,0.355706417,0.16150947,0.112017213,0.376404494,0.780654407,0.147414494,0.048244542,0.303524192,0.194268376,,0.135839383,4051.529157,3.65,7.1,18.43,0.990990991,19.37,16.20011912,FALSE,2986855
Southbridge,278,16931,Other,Sub-Regional Urban Center,0.024942569,0.668463219,0.429656462,0.191564713,0.102935738,0.419500032,0.178607748,0.691011236,0.587460785,0.412075141,0.441360692,0.277735912,0.509817355,,0.430187255,9709.999409,19.17,12.7,59.24,1.580102414,36.77,4.688054931,FALSE,4938492
Southwick,279,9793,Other,Country Suburb,0.005700269,0.224180626,0.042767002,0.015730337,0.07629767,0.202588839,0.09017967,0.41011236,0.553623291,0.092803614,0.145813986,0.062089785,0.235482394,,0.107112303,4952.517104,7.59,7.7,28.74,0.797799175,3.66,3.474863781,FALSE,2849918
Spencer,280,11971,Other,Maturing New England Town,0.009274617,0.408011653,0.10446366,0.131455399,0.11703778,0.263578804,0.035808517,0.533707865,0.487849408,0.202975526,0.265304961,0.115508459,0.337204418,,0.221081169,6290.20132,10.06,9.9,41.36,0.316789863,8.94,5.330311424,FALSE,3492174
Springfield,281,155032,Entitlement,Major Regional Urban Center,0.333099716,0.761835397,0.797733115,0.227965283,0.214604935,0.507151072,0.419727971,0.780898876,0.722996754,0.657953633,0.697378591,0.527913535,0.607656009,50,0.658814112,11632.43717,28.65,14.3,65.65,3.71323858,68.27,9.773862196,TRUE,127328697
Sterling,282,8190,Other,Country Suburb,0.001970175,0.210779315,0.081444263,0,0.083715929,0.323609116,0.16381964,0.415730337,0.636328707,0.128937705,0.134890883,0.086127653,0.305270658,,0.148358112,7606.837607,3.15,7.8,27.82,1.449275362,6.97,3.812717337,FALSE,2391707
Stockbridge,283,1903,Other,Rural Town,0.00181443,0.482592862,0.111474644,0.209625668,0.229652555,0.125330167,0.243087208,0.365168539,0.341230867,0.175099479,0.308101793,0.17789084,0.168138606,,0.169113172,3258.013663,12.32,6.9,46.48,2.150537634,9.54,10.45918367,FALSE,553013
Stoneham,284,22729,Other,Mature Suburb,0.009165596,0.381500364,0.128768404,0.082589103,0.289336156,0.402452142,0.08154618,0.421348315,0.46658237,0.248606103,0.248331665,0.218032955,0.351815731,35,0.258710356,9336.090457,5.35,7.9,39.54,0.721420644,11.02,13.17738439,FALSE,7059253
Stoughton,285,28950,Other,Mature Suburb,0.016088463,0.410050983,0.325426502,0.079969804,0.447389578,0.387364773,0.085551978,0.528089888,0.540716776,0.36049914,0.270949808,0.403007739,0.402324859,42,0.357925589,9005.181347,7.32,9.8,41.5,0.756859035,27.85,20.37569216,FALSE,2852625
Stow,286,7214,Other,Country Suburb,0.002086984,0.164020393,0.115213835,0,0.198906269,0.110772856,0,0.331460674,0.714272506,0.083703871,0.105151546,0.163807193,0.14154046,,0.079150636,2938.730247,3.79,6.3,24.61,0,9.86,9.058889828,FALSE,2116664
Sturbridge,287,9640,Other,Maturing New England Town,0.004430947,0.265404224,0.090091143,0.2,0.139749544,0.220361559,0.062710431,0.45505618,0.76455843,0.142370386,0.171289111,0.119857206,0.270044451,,0.154411541,5342.323651,5.97,8.5,31.57,0.554785021,7.71,6.364684911,FALSE,2808076
Sudbury,288,19627,Other,Established Suburb/Cape Cod Town,0.004298563,0.016897305,0.202150035,0.041867562,0.273709269,0.138931304,0.007369881,0.308988764,0.908983963,0.088932141,0.012754957,0.24815087,0.144674217,24,0.077976862,3556.32547,2.94,5.9,14.51,0.065199674,17.3,12.4656811,FALSE,5751041
Sunderland,289,3659,Other,Maturing New England Town,0.003644434,0.543335761,0.337929423,0.039697543,0.450062,0.202323923,0.130526041,0.342696629,0.398136444,0.306062425,0.347998712,0.41092137,0.198184701,,0.280457336,4946.70675,12.92,6.5,50.65,1.154734411,28.92,20.49740366,FALSE,1061843
Sutton,290,9551,Other,Country Suburb,0.001783281,0.08594319,0.095115681,0.032984293,0.123062281,0.261775713,0,0.376404494,0.801105487,0.088725325,0.055175333,0.113775333,0.249523458,,0.100847723,6250.654382,2.44,7.1,19.25,0,8.14,5.604688332,FALSE,2803687
Swampscott,291,15227,Other,Mature Suburb,0.003410816,0.231172615,0.089390044,0.021080602,0.245835344,0.265731994,0.094109155,0.421348315,0.625993307,0.161365002,0.148812356,0.174813166,0.276471501,,0.169159473,6337.426939,3,7.9,29.22,0.832562442,7.65,11.19620468,FALSE,4476185
Swansea,292,16705,Other,Maturing New England Town,0.005879375,0.250400583,0.054101426,0.10656168,0.209273308,0.411023944,0.175177445,0.45505618,0.564584346,0.191285637,0.162646213,0.137344523,0.375115363,,0.212693058,9524.094582,4.66,8.5,30.54,1.549755302,4.63,9.531041186,FALSE,1660768
Taunton,293,57296,Entitlement,Sub-Regional Urban Center,0.060436865,0.561398398,0.255550362,0.255117605,0.276529845,0.395273905,0.132744574,0.629213483,0.623429353,0.375359563,0.395726825,0.277468918,0.462411007,45,0.389216931,9178.651215,13.77,11.6,51.89,1.174361273,21.87,12.59414006,TRUE,20615414
Templeton,294,8153,Other,Country Suburb,0.002772262,0.342607429,0.063215705,0.006363636,0.100774828,0.280444996,0,0.460674157,0.655523256,0.159878847,0.219456824,0.0855177,0.306251422,,0.178269793,6660.125107,4.44,8.6,36.87,0,5.41,4.589639473,FALSE,2381174
Tewksbury,295,31388,Other,Established Suburb/Cape Cod Town,0.01400148,0.215149308,0.105515307,0.172122945,0.158717801,0.39309575,0.052713456,0.45505618,0.57354969,0.181021717,0.145348464,0.137792148,0.365235429,33,0.201604032,9130.878043,5.9,8.5,28.12,0.466344039,9.03,7.228565899,FALSE,9122664
Tisbury,296,4111,Other,Maturing New England Town,0.00306039,0.667443554,0.159149334,0.293023256,0.313595333,0.269578654,0.123761553,0.696629213,0.548036498,0.359348787,0.426758317,0.246526651,0.430294119,,0.372379935,6421.795184,9.61,12.8,59.17,1.094890511,13.62,14.28223251,FALSE,404093
Tolland,297,509,Other,Rural Town,0.000342639,0.14217043,0.08249591,0,0.057686765,0.066360326,0.031841,0.230337079,0.416564039,0.004036413,0.09010765,0.073102391,0.061337889,,0,1964.636542,7.22,4.5,23.11,0.281690141,7.06,2.6272578,FALSE,148640
Topsfield,298,6627,Other,Country Suburb,0.002445197,0.169701384,0.050712783,0.044366197,0.163228073,0.247856897,0.151725572,0.320224719,0.802663715,0.091067135,0.109002185,0.11156577,0.210893275,,0.098632025,5945.374981,4.88,6.1,25,1.342281879,4.34,7.433979545,FALSE,1943153
Townsend,299,9547,Other,Maturing New England Town,0.003309582,0.303714494,0.078639869,0.085849057,0.077331457,0.161605228,0.166473566,0.421348315,0.661019302,0.112380325,0.195001016,0.081335848,0.219088949,,0.122463581,4053.629412,4.55,7.9,34.2,1.47275405,6.73,3.52194606,FALSE,2781450
Truro,300,1999,Other,Rural Town,0.000529533,0.382811362,0.040079458,0.03255814,0.103306576,0.063456643,0,0.707865169,0.306519139,0.170923116,0.243661153,0.074772877,0.322895611,,0.1917243,1900.950475,5.42,13,39.63,0,3.43,4.704944179,FALSE,198100
Tyngsborough,301,12418,Other,Country Suburb,0.006245376,0.126001457,0.177962141,0.05917603,0.254244885,0.327788442,0.313262498,0.41011236,0.609199295,0.171923039,0.083561827,0.225387101,0.304477841,,0.178729892,7698.502174,6.54,7.7,22,2.771362587,15.23,11.57920469,FALSE,3665393
Tyringham,302,316,Other,Rural Town,0.000381575,0.185287691,0.051647581,0.56,0.034004242,0.092212362,0.080025169,0.252808989,0.374170354,0.012616803,0.117624343,0.04466567,0.087968422,,0.013664587,2531.64557,10.94,4.9,26.07,0.707964602,4.42,1.548672566,FALSE,91291
Upton,303,8012,Other,Country Suburb,0.00212592,0.169118718,0.216405702,0.027980703,0.138439952,0.11962125,0,0.382022472,0.829582802,0.108150441,0.108427099,0.185044733,0.174280441,,0.10492921,3132.800799,3.5,7.2,24.96,0,18.52,6.305041481,FALSE,2359814
Uxbridge,304,14095,Other,Country Suburb,0.008822957,0.183248361,0.079808366,0.609272919,0.105497321,0.211627587,0.145539337,0.43258427,0.674308153,0.10672341,0.121706336,0.096633116,0.252847401,,0.119886624,5150.762682,8.18,8.1,25.93,1.287553648,6.83,4.804718406,FALSE,4153448
Wakefield,305,27135,Other,Mature Suburb,0.008394658,0.327458121,0.112526291,0.056086287,0.195951787,0.325942084,0.201051376,0.426966292,0.559596393,0.193957201,0.213382399,0.160864992,0.312748269,32,0.205937411,7658.006265,4.05,8,35.83,1.778656126,9.63,8.924332344,FALSE,7913350
Wales,306,1898,Other,Rural Town,0.000981194,0.594901675,0.068941341,0.0336,0.091271525,0.149743454,0.219611929,0.52247191,0.740788852,0.201172731,0.379179398,0.083547725,0.268279674,,0.213562411,3793.466807,6.01,9.7,54.19,1.942857143,5.9,4.156825697,FALSE,548331
Walpole,307,25209,Other,Maturing New England Town,0.008285636,0.253022578,0.172236504,0.063240465,0.217249765,0.299263597,0.162197844,0.438202247,0.74514332,0.191872113,0.165852264,0.203109103,0.304238143,32,0.199616912,7072.8708,4.34,8.2,30.72,1.434927697,14.74,9.894317049,FALSE,2486120
Waltham,308,62962,Entitlement,Streetcar Suburb,0.047564537,0.394901675,0.404884319,0.193667522,0.623194745,0.335092837,0.352653718,0.393258427,0.366986912,0.38011862,0.281359867,0.536122151,0.299215248,35,0.354025019,7858.708427,10.92,7.4,40.46,3.119847812,34.65,28.3824767,TRUE,36189436
Ware,309,9811,Other,Maturing New England Town,0.011766538,0.57596504,0.129586352,0.219431714,0.0883816,0.190091838,0.382708034,0.516853933,0.613015222,0.220756879,0.373982078,0.113665818,0.287419032,,0.232340494,4678.422179,15.45,9.6,52.89,3.38573156,11.09,4.025208376,FALSE,2841433
Wareham,310,22666,Other,Maturing New England Town,0.019546003,0.585433358,0.199696191,0.209328842,0.092014466,0.2525682,0.103814391,0.573033708,0.524441836,0.269441164,0.384979385,0.152121126,0.352808482,51,0.283999414,6048.707315,11.27,10.6,53.54,0.918422474,17.09,4.190661823,FALSE,2243920
Warren,311,5248,Other,Country Suburb,0.001752132,0.60815732,0.048258939,0.006511628,0.071644803,0.153148092,0.146419108,0.471910112,0.511270393,0.184118513,0.388122845,0.062527343,0.242292137,,0.195684745,3868.140244,4.32,8.8,55.1,1.295336788,4.13,3.262955854,FALSE,1527954
Warwick,312,780,Other,Rural Town,0.000358214,0.422578296,0.062865155,0.133333333,0.075907768,0.052774778,0.091961127,0.269662921,0.497079065,0.074806596,0.268907593,0.072367234,0.075522943,,0.069798261,1666.666667,5.91,5.2,42.36,0.813559322,5.38,3.457106274,FALSE,225009
Washington,313,541,Other,Rural Town,0.000132383,0.347414421,0.124795513,0.072413793,0.060654765,0.027351308,0.045214221,0.376404494,0.453038674,0.08702274,0.220838591,0.096708517,0.120336015,,0.085026625,1109.057301,3.13,7.1,37.2,0.4,10.68,2.762430939,FALSE,158296
Watertown,314,35954,Other,Streetcar Suburb,0.021461667,0.284923525,0.263963543,0.057200504,0.452426175,0.238396767,0.099793696,0.376404494,0.336710003,0.249768413,0.19459366,0.373582549,0.236639705,30,0.233866878,5737.8873,7.89,7.1,32.91,0.882852292,22.59,20.60507649,FALSE,10515729
Wayland,315,13882,Other,Established Suburb/Cape Cod Town,0.003223922,0.159796067,0.220028044,0.015176152,0.302149146,0.15020029,0,0.325842697,0.762306396,0.139153333,0.103183006,0.272304697,0.160172296,,0.126236669,3803.486529,3.03,6.2,24.32,0,18.83,13.76093294,FALSE,4048113
Webster,316,17027,Other,Sub-Regional Urban Center,0.011322665,0.595193008,0.199462491,0.237279945,0.165605985,0.414861777,0.216709263,0.612359551,0.559655073,0.333653334,0.385958948,0.190375725,0.463917636,,0.356093044,9608.269219,8.78,11.3,54.21,1.917177914,17.07,7.542278004,FALSE,4959267
Wellesley,317,29673,Other,Established Suburb/Cape Cod Town,0.007865125,0.051420248,0.263379294,0.076158639,0.348593428,0.149338514,0.04991692,0.286516854,0.793733519,0.126583992,0.037041091,0.319131226,0.138025559,30,0.107841753,3784.585313,4.09,5.5,16.88,0.441603719,22.54,15.87616862,FALSE,2828455
Wellfleet,318,2729,Other,Established Suburb/Cape Cod Town,0.002842347,0.646758922,0.111124094,0.177643505,0.146968882,0.075357218,0.072458687,0.629213483,0.396410873,0.243890622,0.413430625,0.134590195,0.28611017,,0.252792196,2161.964089,10.54,11.6,57.75,0.641025641,9.51,6.693478885,FALSE,268738
Wendell,319,886,Other,Rural Town,0.001012343,0.645884924,0.120588923,0.095454545,0.066926453,0.033391455,0.091961127,0.505617978,0.383023154,0.188426364,0.411706534,0.097785424,0.194872071,,0.191382076,1241.534989,15.31,9.4,57.69,0.813559322,10.32,3.048065651,FALSE,256902
Wenham,320,5284,Other,Maturing New England Town,0.00048281,0.278659869,0.138233232,0.004545455,0.153884678,0.180421016,0.113848757,0.286516854,0.47235023,0.110580502,0.177223643,0.152333501,0.155154615,,0.107519066,4466.313399,1.69,5.5,32.48,1.007194245,11.83,7.008448541,FALSE,1544340
West Boylston,321,8215,Other,Maturing New England Town,0.002959156,0.2598689,0.241878944,0.07323601,0.135485986,0.279263235,0.126511809,0.47752809,0.335438704,0.193898003,0.166821326,0.196788073,0.314888099,,0.203336465,6634.205721,7.28,8.9,31.19,1.119221411,20.7,6.170507493,FALSE,2363325
West Bridgewater,322,7262,Other,Maturing New England Town,0.002709964,0.246467589,0.090558542,0.174054054,0.059144533,0.421923394,0.286770955,0.511235955,0.552555827,0.178816584,0.15811767,0.078067084,0.412081622,,0.209767059,9763.150647,4.99,9.5,30.27,2.536997886,7.75,2.693649686,FALSE,718311
West Brookfield,323,3785,Other,Country Suburb,0.001378344,0.403204661,0.049777986,0,0.05932759,0.261068296,0.184096989,0.460674157,0.515215232,0.156381988,0.25720527,0.056896321,0.29557324,,0.175857238,6235.138705,4.91,8.6,41.03,1.628664495,4.26,2.701986755,FALSE,1090518
West Newbury,324,4691,Other,Country Suburb,0.002406261,0.155280408,0.039845758,0,0.075730406,0.140071168,0,0.325842697,0.746766536,0.04114146,0.099782444,0.0602706,0.154590303,,0.047872069,3581.325943,6.76,6.2,24.01,0,3.41,3.449028596,FALSE,1379314
West Springfield,325,28747,Other,Sub-Regional Urban Center,0.025923763,0.517115805,0.247137182,0.295976253,0.340469459,0.362349941,0.334344194,0.54494382,0.591191438,0.342741173,0.345486141,0.306424815,0.397827522,44,0.347844072,8456.534595,11.69,10.1,48.85,2.957867584,21.15,15.50617456,FALSE,8344057
West Stockbridge,326,1264,Other,Rural Town,0.000568469,0.350764749,0.158798785,0.209090909,0.131780908,0.095819458,0,0.376404494,0.478348411,0.128214971,0.223252835,0.151531351,0.158067689,,0.124884968,2610.759494,6.47,7.1,37.43,0,13.59,6.001765225,FALSE,367797
West Tisbury,327,2901,Other,Rural Town,0.000950045,0.257975237,0.065669549,0,0.173579731,0.124520802,0,0.292134831,0.37770133,0.081931838,0.164332889,0.124763594,0.1274449,,0.078798535,3240.261979,4.56,5.6,31.06,0,5.62,7.905430366,FALSE,286496
Westborough,328,19189,Other,Maturing New England Town,0.006074057,0.130517116,0.395419491,0.066479838,0.596293661,0.29303526,0.443112739,0.337078652,0.759759246,0.277830441,0.086331808,0.517158074,0.245078255,31,0.250663745,6936.265569,4.18,6.4,22.31,3.920118343,33.84,27.15730692,FALSE,5601523
Westfield,329,41680,Entitlement,Sub-Regional Urban Center,0.021703072,0.41019665,0.173288151,0.086010699,0.218783788,0.264152454,0.201234701,0.460674157,0.540909938,0.229152347,0.274622599,0.204457477,0.297272869,41,0.234515908,6302.783109,7.32,8.6,41.51,1.780277962,14.83,9.964181831,TRUE,17176594
Westford,330,24296,Other,Country Suburb,0.004765798,0.063510561,0.268988081,0.037205962,0.332794949,0.180958565,0.095816377,0.320224719,0.845675839,0.141476122,0.042773806,0.313817511,0.174026701,27,0.126896765,4478.103392,2.53,6.1,17.71,0.847665848,23.02,15.15665041,FALSE,7261439
Westhampton,331,1641,Other,Rural Town,0.00053732,0.15600874,0.035171769,0.229090909,0.046921861,0.132376201,0.068506395,0.370786517,0.574982877,0.041751204,0.099055184,0.042810145,0.175117535,,0.052284963,3412.553321,3.78,7,24.06,0.606060606,3.01,2.136986301,FALSE,478985
Westminster,332,7884,Other,Country Suburb,0.001253748,0.148725419,0.049544286,0.090461538,0.064453106,0.249167708,0.197269723,0.426966292,0.658427104,0.087802461,0.094868086,0.059447303,0.27043917,,0.106708513,5974.12481,2.11,8,23.56,1.745200698,4.24,2.935420744,FALSE,2339917
Weston,333,12134,Other,Established Suburb/Cape Cod Town,0.006159717,0.073415878,0.260458051,0.106171004,0.393941814,0.149255254,0.029513199,0.286516854,0.799201852,0.141128928,0.049978277,0.341256111,0.137979676,,0.120094381,3782.759189,6.99,5.5,18.39,0.261096606,22.29,17.94149333,FALSE,3547475
Westport,334,15988,Other,Maturing New England Town,0.006626952,0.215440641,0.031082029,0.079809976,0.176027365,0.36861501,0,0.533707865,0.521260407,0.178691158,0.14083217,0.108003302,0.395088148,,0.205271405,8593.945459,5.4,9.9,28.14,0,2.66,8.016904251,FALSE,1581843
Westwood,335,16127,Other,Established Suburb/Cape Cod Town,0.002982518,0.146831755,0.163122225,0.049300226,0.300087182,0.234905477,0.030223409,0.342696629,0.837662721,0.145977282,0.094762949,0.241554208,0.21613986,,0.141916336,5661.313325,2.42,6.5,23.43,0.267379679,13.96,13.66702389,FALSE,1617951
Weymouth,336,57719,Entitlement,Mature Suburb,0.026850446,0.456809905,0.186609021,0.106029983,0.246346728,0.333357536,0.150648212,0.533707865,0.527302182,0.283697094,0.307625538,0.225777545,0.375658333,38,0.294705847,7820.648313,6.16,9.9,44.71,1.33275071,15.97,11.21949489,TRUE,17769379
Whately,337,1580,Other,Rural Town,0.000529533,0.284486526,0.058658565,0.097222222,0.127176068,0.135497515,0.130526041,0.179775281,0.421122645,0.052043476,0.180968551,0.096908951,0.071574482,,0.045526368,3481.012658,4.76,3.6,32.88,1.154734411,5.02,5.792044662,FALSE,458503
Whitman,338,15168,Other,Maturing New England Town,0.006977378,0.310997815,0.057957467,0.3,0.061933457,0.319158823,0.137204684,0.516853933,0.66747293,0.165310372,0.201983525,0.062520658,0.358545729,,0.191565101,7509.229958,6,9.6,34.7,1.213818861,4.96,2.820667068,FALSE,1501143
Wilbraham,339,14749,Other,Maturing New England Town,0.003021454,0.225491624,0.122925917,0.042838542,0.117122174,0.335376958,0.118984791,0.398876404,0.679578369,0.148807761,0.144941856,0.125180158,0.302467797,,0.164079231,7864.939996,2.72,7.5,28.83,1.052631579,10.52,5.334155026,FALSE,4297992
Williamsburg,340,2489,Other,Rural Town,0.002203792,0.42607429,0.036106567,0.035897436,0.076584153,0.092189175,0.070868684,0.505617978,0.475326992,0.133936678,0.272313417,0.0587659,0.22727453,,0.145930428,2531.137003,11.22,9.4,42.6,0.626959248,3.09,3.487911217,FALSE,721550
Williamstown,341,7993,Other,Maturing New England Town,0.004539968,0.327458121,0.25227857,0.157134328,0.213089827,0.104559434,0.019874383,0.331460674,0.484989206,0.155907227,0.210924621,0.242680077,0.138116345,,0.142004665,2802.452146,11.33,6.3,35.83,0.175824176,21.59,9.704858874,FALSE,2175184
Wilmington,342,23907,Other,Established Suburb/Cape Cod Town,0.004516606,0.216897305,0.130871699,0.023773585,0.218660708,0.340855905,0.093358461,0.438202247,0.63510097,0.182988312,0.140415378,0.182273983,0.327158982,33,0.195453454,7985.108964,2.49,8.2,28.24,0.82592122,11.2,9.95857638,FALSE,6859993
Winchendon,343,10911,Other,Country Suburb,0.009391426,0.435979607,0.090675391,0.263961814,0.078490568,0.228760337,0.178886538,0.466292135,0.652134655,0.173603111,0.283212001,0.088216579,0.28086483,,0.188204799,5526.532857,11.51,8.7,43.28,1.582568807,7.76,3.574736062,FALSE,3190796
Winchester,344,22851,Other,Mature Suburb,0.004290776,0.090895849,0.213951858,0.07146641,0.379941638,0.198458713,0.084703643,0.320224719,0.834278674,0.149957026,0.059931979,0.309703281,0.183670746,27,0.136529192,4861.931644,2.46,6.1,19.59,0.749354005,18.31,17.30387617,FALSE,6670973
Windsor,345,875,Other,Rural Town,0.000295916,0.248652586,0.055503622,0,0.093878016,0.075788738,0,0.382022472,0.497587589,0.068303073,0.157971625,0.077899461,0.150125063,,0.072073992,2171.428571,4.51,7.2,30.42,0,4.75,4.275534442,FALSE,253391
Winthrop,346,18688,Other,Streetcar Suburb,0.014328544,0.502403496,0.143257771,0.113996479,0.351596707,0.498155818,0.256090614,0.561797753,0.502684111,0.350543816,0.328712278,0.258056463,0.481955838,,0.369220371,11435.14555,9.95,10.4,47.84,2.265575834,12.26,16.01294848,FALSE,5425963
Woburn,347,40397,Other,Sub-Regional Urban Center,0.018128723,0.372614712,0.264197242,0.14228954,0.430553402,0.399912648,0.373383901,0.471910112,0.548071554,0.324018814,0.248381064,0.362298215,0.378280035,39,0.323140493,9280.392108,5.82,8.8,38.93,3.303243063,22.61,19.60891359,FALSE,11770688
Worcester,348,185877,Entitlement,Major Regional Urban Center,0.28360394,0.637144938,0.512152372,0.209486848,0.4673226,0.495572784,0.327485414,0.584269663,0.545860444,0.561522406,0.586316233,0.510776114,0.492916271,46,0.553662994,11378.49223,21.12,10.8,57.09,2.897189509,43.83,21.28351197,TRUE,151077040
Worthington,349,1187,Other,Rural Town,0.000646342,0.288565186,0.019513905,0,0.069815659,0.092017877,0.030550149,0.353932584,0.528592011,0.060953335,0.183643611,0.046583536,0.143588799,,0.066664871,2527.379949,6.63,6.7,33.16,0.27027027,1.67,3.179650238,FALSE,343804
Wrentham,350,11964,Other,Country Suburb,0.003294008,0.242971595,0.071745735,0.062135922,0.12911494,0.328532027,0.068679829,0.404494382,0.720007031,0.143545212,0.15626099,0.104744724,0.301791643,,0.1605321,7714.8111,3.7,7.6,30.03,0.607594937,6.14,5.880347708,FALSE,1186136
Yarmouth,351,23315,Entitlement,Established Suburb/Cape Cod Town,0.012880115,0.458557902,0.102944613,0.076833414,0.180776155,0.204411538,0.083575269,0.612359551,0.356082396,0.234523983,0.299832493,0.147954563,0.347941962,48,0.250171001,4992.494103,7.14,11.3,44.83,0.739371534,8.81,8.233180788,TRUE,3215416